{
  "pet_name": "蹦天御尊",
  "keywords": [
    "针刺爆斩",
    "蹦天御尊",
    "森罗幻界"
  ],
  "skill_info": {
    "priority": 11,
    "power": 80,
    "pp": 10,
    "type": "神草",
    "category": "魔法"
  },
  "content": "技能：针刺爆斩\n固伤与效果必中，威力伤害非必中。\n\n连续3回合发动技能。\n\n每回合麻醉对手，若自身有异常或负面，则造成威力伤害前造成999固伤（对boss无效），净化自身异常与负面并回复自身“森罗幻界”技能1PP。"
}