{
  "pet_name": "蹦天御尊",
  "keywords": [
    "御临天征",
    "蹦天御尊",
    "森罗幻界"
  ],
  "skill_info": {
    "priority": 8,
    "power": null,
    "pp": 6,
    "type": "神草",
    "category": "变化"
  },
  "content": "技能：御临天征\n以下效果均在命中后生效。\n\n诱导对手后续2回合继续使用本回合技能。\n\n若本回合我方出招前未受伤害，则提升自身2级魔攻强化并回复自身“森罗幻界”技能1PP；\n\n若本回合我方出招前受到伤害，则造成(本回合自身受到的最后一次伤害*2)固伤。"
}