{
  "pet_name": "蹦天御尊",
  "keywords": [
    "千叶缭乱",
    "蹦天御尊"
  ],
  "skill_info": {
    "priority": 11,
    "power": null,
    "pp": 10,
    "type": "神草",
    "category": "变化"
  },
  "content": "技能：千叶缭乱\n造成(自身不计强化魔攻值*0.2+75*自身魔攻正面强化等级+100*对方PP为0的技能数)固伤（上限500；对boss固定200）。\n\n删除对手全技能2PP，获得1回合闪避。\n\n寄生对手，寄生成功则额外删除对手全技能1PP。"
}