{
  "pet_name": "琴澜鸣鹤",
  "keywords": [
    "浮影撷秀",
    "琴澜鸣鹤",
    "共鸣之势",
    "狩猎印记"
  ],
  "skill_info": {
    "priority": 14,
    "power": null,
    "pp": 6,
    "type": "水",
    "category": "变化"
  },
  "content": "技能：浮影撷秀\n净化自身异常与负面，回复自身(自身最大精力*0.5)精力。\n\n若自身首格技能为虫系则召唤迷宫环境6回合，否则召唤阴雨天气6回合。\n\n免疫异常6回合，回合内：\n\n①自身每次受到的任意伤害不超过[自身最大精力*(0.25+0.05*自身正面强化项数)]点（下限150）；\n\n②自身受到的＞(30+10*自身正面强化项数)的固伤减少(45+15*自身正面强化项数)点；\n\n被动效果（携带本技能方可生效）：\n\n①自身精力回复效果提升(5%*自身“共鸣之势”层数)，自身主动使用任意技能后回复自身(对手“狩猎”印记层数*1)点精力（指示性效果，不受增/降疗效果影响）。\n\n②自身存在速度正面强化时，所有技能先手值加1；\n\n③自身主动使用威力技能后：\n\n清除对手“狩猎”印记并赋予自身等量层数的“共鸣之势”；\n\n若此时“共鸣之势”超出了4层上限，则本次伤害额外提升(15*超出上限的“共鸣之势”层数)点威力（上限60）并将其层数置于4层。\n\n④自身下场时，赋予对手自身“共鸣之势”等量层数的“狩猎”印记。\n\n*“共鸣之势”上限4层，全局有效。\n\n*“狩猎”印记上限8层，对手换下失效，自身换下不失效。"
}