{
  "pet_name": "琴澜鸣鹤",
  "keywords": [
    "飞龙激濑",
    "琴澜鸣鹤",
    "共鸣之势",
    "狩猎印记"
  ],
  "skill_info": {
    "priority": 11,
    "power": null,
    "pp": 8,
    "type": "虫",
    "category": "变化"
  },
  "content": "技能：飞龙激濑\n清除自身“共鸣之势”并赋予对手(清除的“共鸣之势”层数*2)层“狩猎”印记。\n免疫异常4回合，造成(100+20*清除的“共鸣之势”层数)点固伤并回复我方全体存活宠物等额精力。\n首回合根据清除的“共鸣之势”层数追加效果：\n①清除的层数≥1：4回合内造成威力伤害时将自身物攻能力值视为提升(20+15*清除的“共鸣之势”层数)点；\n②清除的层数≥2：首回合提升自身1级速度并删除对手全技能(1+自身PP为0的技能数*0.5)PP（向上取整，上限3）；\n③清除的层数=4：首回合回复自身其他技能中PP为0的技能2PP。\n\n*“共鸣之势”上限4层，全局有效。\n\n*“狩猎”印记上限8层，对手换下失效，自身换下不失效。"
}