{
  "pet_name": "琴澜鸣鹤",
  "keywords": [
    "平波鹤唳",
    "琴澜鸣鹤",
    "共鸣之势"
  ],
  "skill_info": {
    "priority": 10,
    "power": 80,
    "pp": 12,
    "type": "水",
    "category": "物理"
  },
  "content": "技能：平波鹤唳\n至少连续发动2回合。\n每回合：赋予自身1层“共鸣之势”。\n首回合：\n①冰冻对手并删除对手全技能1PP；\n②威力伤害前召唤阴雨天气3回合、倒置自身负面后提升自身1级物攻（上限2级）。\n③若出手前自身未受到伤害则提升自身1级速度，若自身速度等级≥2则强制重置自身速度强化并额外发动1回合。\n后续每回合：\n①回复自身80点精力与其他技能1PP；\n②根据先后手追加效果：\n 若先手则使对手精力回复效果减少50点持续3回合；\n  若后手则提升20点威力。\n\n*“共鸣之势”上限4层，全局有效。"
}