{
  "pet_name": "琴澜鸣鹤",
  "keywords": [
    "桂枻斫澜",
    "琴澜鸣鹤",
    "共鸣之势"
  ],
  "skill_info": {
    "priority": 9,
    "power": 140,
    "pp": 10,
    "type": "神水",
    "category": "物理"
  },
  "content": "技能：桂枻斫澜\n以下效果均在命中后生效，若自身当前精力≤对手则必中。\n\n实际威力为(基础威力-10*自身物攻正面强化等级)。\n威力伤害前额外造成(40+20*自身“共鸣之势”层数)点固伤，阴雨天气下回复自身(60+10*天气剩余回合数)点精力（上限120）。\n造成伤害后根据对手剩余精力比例追加效果（可叠加）：\n  若对手剩余精力≥70%：删除对手本回合技能3PP；\n  若对手剩余精力≥50%：回复自身其他技能1PP，若自身物攻等级＜2则提升自身1级物攻。\n\n*“共鸣之势”上限4层，全局有效。"
}