{
  "pet_name": "琴澜鸣鹤",
  "keywords": [
    "扬灵翩仙",
    "琴澜鸣鹤",
    "共鸣之势"
  ],
  "skill_info": {
    "priority": 11,
    "power": 120,
    "pp": 12,
    "type": "虫",
    "category": "物理"
  },
  "content": "技能：扬灵翩仙\n提升(15*自身正面强化项数)点威力。\n\n威力伤害前强制重置对手正面强化，重置成功时强制重置自身速度正负面强化。\n\n删除对手最近使用技能3PP，若自身无负面则免疫负面4回合。\n\n若自身“共鸣之势”层数≥3则威力伤害前召唤迷宫环境3回合并在威力伤害后追加(威力伤害*0.3)点固伤（上限150）。\n\n若本次造成的威力伤害被抵抗，则下一次自身使用威力技能若造成克制伤害则使该威力伤害提升25%。\n\n*“共鸣之势”上限4层，全局有效。"
}