{
  "pet_name": "圣灵草王",
  "keywords": [
    "蔓藤舞动",
    "圣灵草王"
  ],
  "skill_info": {
    "priority": 10,
    "power": null,
    "pp": 8,
    "type": "草",
    "category": "变化"
  },
  "content": "技能：蔓藤舞动\n所有效果必中。\n\n束缚对方，被免疫则强化自身1级魔攻，束缚成功则清空对方最近使用技能的pp并回复自身全体技能2pp。\n\n转移对方正面强化到自身并清除其正面强化（非强制），清除失败（仅包括对方存在强化但清除失败的情况）则造成伤害值为 [100+(50+20*我方场下草系宠物数)*对方正面强化等级总和] 固定伤害（对BOSS固定200）。\n\n*注：战斗信息可能提示“可惜没有命中”，不影响本技能实际效果，但可能触发部分技能“闪避成功”的判定。"
}