{
  "pet_name": "圣灵草王",
  "keywords": [
    "召唤草灵",
    "圣灵草王",
    "自然之友"
  ],
  "skill_info": {
    "priority": 10,
    "power": 100,
    "pp": 12,
    "type": "草",
    "category": "魔法"
  },
  "content": "技能：召唤草灵\n威力非必中，效果必中。\n\n删除对方全体技能2pp，先手出招时若敌方携带抵抗草系的系别则获得一回合闪避。\n\n恐惧对方，被免疫则回复其他技能1PP并强化自身1级魔攻（上限3级）再造成伤害。\n\n造成伤害后强制释放除魔攻外的正面强化。\n\n本技能实际威力=100+25*我方场下存活草系宠物数+20*自身正面强化项数+15*自身最高正面强化等级。\n\n若我方场下阵亡宠物≥3只则无法回复“自然之友”的PP。\n\n*注：本技能暴击不显示。"
}