{
  "pet_name": "圣灵草王",
  "keywords": [
    "自然之友",
    "圣灵草王",
    "召唤草灵"
  ],
  "skill_info": {
    "priority": 15,
    "power": null,
    "pp": 4,
    "type": "草",
    "category": "变化"
  },
  "content": "技能：自然之友\n净化自身异常与负面强化，6回合内免疫异常及负面强化，召唤芬芳环境6回合。\n\n回复自身40%最大精力。\n\n若我方场下有3只及以上的存活草系宠物则回合内我方全体宠物受到的威力伤害减少25%（自身换下则永久有效）。\n\n若我方场下有阵亡草系宠物则2回合内自身受到的每段伤害不超过最大精力的[1/(场下阵亡草系宠物数+1)]。"
}