{
  "pet_name": "圣灵草王",
  "keywords": [
    "草之守护",
    "圣灵草王"
  ],
  "skill_info": {
    "priority": 12,
    "power": null,
    "pp": 3,
    "type": "草",
    "category": "变化"
  },
  "content": "技能：草之守护\n所有效果必中。\n\n本技能无视反弹效果与混乱状态。\n\n连续3回合发动技能。\n\n首回合效果：\n\n免疫威力伤害一回合并强制重置对方正负面强化。\n\n强制释放自身正面强化，成功重置则锁定对方强化等级3回合（任一方换下失效）。\n\n后续2回合效果：\n\n随机为自身提供物攻/魔攻/速度中的若干项强化1级，项数=我方场下存活草系宠物数（上限2项）。\n\n*注：战斗信息可能提示“可惜没有命中”，不影响本技能实际效果，但可能触发部分技能“闪避成功”的判定。"
}