{
  "pet_name": "青钟翾狐",
  "keywords": [
    "驰援北斗",
    "青钟翾狐",
    "覆雷之尾",
    "展诗会舞",
    "翾灵击雷"
  ],
  "skill_info": {
    "priority": 8,
    "power": 120,
    "pp": 10,
    "type": "普通",
    "category": "魔法"
  },
  "content": "技能：驰援北斗\n威力非必中，效果必中。\n\n本技能实际威力为（基础威力＋「覆雷之尾」标记数*10）。\n\n净化自身，净化成功则召唤雷暴天气3回合并删除对方本回合技能2PP，净化异常成功时回复自身全技能1PP。\n\n若自身上回合未使用威力技能则强制重置敌方正面强化后再造成威力伤害。\n\n删除敌方全体技能1PP以回复自身除本技能外其他技能1PP并令对方本回合使用技能3回合内无法命中，回合内若仍然受到来自该技能的伤害则删除对方本回合主动使用技能1PP。"
}