{
  "pet_name": "青钟翾狐",
  "keywords": [
    "鸣钟蔽日",
    "青钟翾狐",
    "覆雷之尾"
  ],
  "skill_info": {
    "priority": 11,
    "power": null,
    "pp": 9,
    "type": "电",
    "category": "变化"
  },
  "content": "技能：鸣钟蔽日\n连续3回合发动技能：\n\n①首回合：净化自身异常并免疫控制异常（恐惧、冰冻、睡眠、麻醉、迷惑、束缚、混乱）3回合；吸取对方（50+对方已损精力值*0.15）精力以回复自身精力并令其后手回复精力效果无效；召唤雷暴天气3回合并恐惧对方，召唤天气失败则清除场上环境并锁定2回合；\n\n②后续回合：造成【不计算双方强化的（70+「覆雷之尾」标记数*5）威力的魔法伤害】的固定伤害（不计算克制关系）；\n\n末回合额外降低自身1级物攻强化并召唤清除的环境max（清除成功回合数-3，0）回合，首回合清除失败或召唤失败（回合数为0也算失败）则召唤雷暴天气6回合。"
}