{
  "pet_name": "青钟翾狐",
  "keywords": [
    "翾灵击雷",
    "青钟翾狐",
    "覆雷之尾",
    "驰援北斗"
  ],
  "skill_info": {
    "priority": 11,
    "power": 100,
    "pp": 12,
    "type": "电",
    "category": "魔法"
  },
  "content": "技能：翾灵击雷\n重置自身魔攻强化并降低敌方1级魔抗强化后再攻击（非强制)，降低失败则将自身魔攻强化置为1级后再攻击。\n\n删除对方上回合与本回合技能各2PP（为同一技能则不叠加），若场上不存在任意天气环境则改为删除对方全技能2PP。\n\n本技能每次后手时额外赋予自身一层「覆雷之尾」标记，根据自身标记层数追加效果：\n\n①回复自身（「覆雷之尾」标记层数*10）精力；\n\n②自身「覆雷之尾」标记层数<9时，额外回复驰援北斗技能1PP（本效果在场生效3次，换下重置）；\n\n③自身「覆雷之尾」标记层数=9时，威力伤害后额外追加min（40+对方已损精力值*0.15，120）固伤。"
}