{
  "pet_name": "青钟翾狐",
  "keywords": [
    "展诗会舞",
    "青钟翾狐",
    "覆雷之尾",
    "驰援北斗"
  ],
  "skill_info": {
    "priority": 15,
    "power": null,
    "pp": 6,
    "type": "普通",
    "category": "变化"
  },
  "content": "技能：展诗会舞\n净化自身并回复自身60%*最大精力值。\n\n免疫异常并召唤雷暴天气均持续6回合，回合内：\n\n①威力技能提升30点威力；\n\n②变化技能（包含主动使用和后续回合带出）回复我方全体宠物各25点精力；\n\n③驰援北斗技能先手值+1。\n\n被动免疫麻醉、催眠、迷惑。"
}