{
  "pet_name": "圣湮伊莱娜",
  "keywords": [
    "沉彩飞光",
    "圣湮伊莱娜",
    "锁定",
    "天动地坼"
  ],
  "skill_info": {
    "priority": 10,
    "power": 90,
    "pp": 12,
    "type": "光",
    "category": "物理"
  },
  "content": "技能：沉彩飞光\n1.令对方恐惧，免疫则删除全体技能1pp。\n\n2.攻击新目标时令对方使用技能额外消耗1pp持续3回合。对方每只宠物上场时首次受到本技能攻击或者我方上场时首次使用本技能则视为攻击新目标。\n\n3.若对方物防低于 [0.85*自身物攻能力值] 则威力提升 [0.1*对方最大精力] ，反之追加一段 [0.2*对方物防能力值] 的固伤。\n\n4.先手时将自身物攻视为1级再攻击，后手时删除对方全体技能1pp。\n\n5.若对方有锁定标记，则将自身物攻视为1级再攻击（可与先手时叠加，视为2级）。"
}