{
  "pet_name": "圣湮伊莱娜",
  "keywords": [
    "烬灭响绝",
    "圣湮伊莱娜",
    "锁定",
    "属性",
    "析界成微",
    "天动地坼"
  ],
  "skill_info": {
    "priority": 12,
    "power": 100,
    "pp": 12,
    "type": "火",
    "category": "物理"
  },
  "content": "技能：烬灭响绝\n1.束缚对方，当束缚成功时：若对方有至少一种除束缚外的异常状态或负面强化，则造成9999固伤（触发斩杀时无威力伤害）。\n\n      若对方无其他异常负面，则追加 [0.3*对方已损失精力] 的固伤（此固伤已被调整至威力伤害之后）。\n\n若束缚失败则给予对方锁定标记（永久，即对方换下后再重新上场时，标记仍存在）。\n\n以上效果为必中，以下效果在本技能命中时才可生效：\n\n2.清除对方正面强化（非强制）。\n\n3.若对方主副属性都已被自身血脉记忆为掠夺了能力的属性，则驱逐对方。\n\n​若对方满足驱逐条件但免疫驱逐则令其治疗失效2回合，并回复自身全体技能（含析界成微）1pp与30%精力。\n\n无论是否免疫驱逐，此条效果在整场战斗中只能触发两次。"
}