{
  "pet_name": "圣湮伊莱娜",
  "keywords": [
    "天动地坼",
    "圣湮伊莱娜",
    "锁定",
    "壁立长云",
    "析界成微",
    "烬灭响绝",
    "沉彩飞光"
  ],
  "skill_info": {
    "priority": 8,
    "power": 120,
    "pp": 9,
    "type": "机械",
    "category": "物理"
  },
  "content": "技能：天动地坼\n1.获得一回合免疫异常并删除对方最近使用的技能2pp。\n\n2.额外删除对方全体技能 [自身异常状态项数+双方正面强化等级之和/3] pp（向上取整）。\n\n3.召唤铁壁环境5回合，召唤成功则回复除析界成微外的首格技能1pp与 [=被回复的技能先手值] 的精力；若析界成微在首格，则回复第二格技能pp。召唤铁壁失败则回复 [0.3*自身已损失血量] 的精力。\n\n4.若对方有锁定标记，则令其治疗效果降低35%持续4回合。\n\n5.以上效果结算完毕后净化自身异常，重置双方的物攻和魔攻正负面强化（非强制）。\n\n6.若本回合受到先手伤害则本技能必中。\n\n7.本技能miss时，仅获得1回合防控并重置双方双攻强化，其余效果不能触发。\n\n8.觉醒血脉后额外的被动效果：若同时携带本技能与壁立长云，则每次（除首发外）切换上场时判定壁立长云剩余pp≤2则获得异常免疫。主动使用析界成微、烬灭响绝、沉彩飞光后此效果解除，反之永久。"
}