{
  "pet_name": "圣湮伊莱娜",
  "keywords": [
    "析界成微",
    "圣湮伊莱娜",
    "烬灭响绝",
    "天动地坼"
  ],
  "skill_info": {
    "priority": 8,
    "power": null,
    "pp": 4,
    "type": "机械",
    "category": "变化"
  },
  "content": "技能：析界成微\n本技能免疫删除且仅能被本技能或烬灭响绝回复。\n\n连续四回合发动，每回合造成固伤（每次固伤至少为20，最高为200）。\n\n●首回合：造成额度为 [0.3*自身已损失血量] 的固伤并触发一次血脉的计数效果。\n\n净化自身，回复25%已损精力并免疫异常3回合。若场上不是铁壁环境或者本回合受到先手伤害，则回复其他技能1pp（不叠加，两个都满足也只回1）；\n\n反之（即场上是铁壁且未受先手伤害）则回复本技能1pp并在四回合内每回合都额外对敌方场下造成波及伤害，波及量=0.75*当回合固伤值+4*自身pp不为0的技能数量。\n\n●后续每回合：若上次结算时自身精力 - 本次结算时精力≥0.7*自身最大血量，则造成 [0.3*自身已损失血量] 的固伤，反之则为 [0.2*对手已损失血量]。"
}