{
  "pet_name": "圣湮伊莱娜",
  "keywords": [
    "壁立长云",
    "圣湮伊莱娜",
    "天动地坼"
  ],
  "skill_info": {
    "priority": 15,
    "power": null,
    "pp": 6,
    "type": "机械",
    "category": "变化"
  },
  "content": "技能：壁立长云\n被动免疫寄生和诅咒（不携带本技能亦有效）。\n\n主动使用净化自身异常和负面，回复60%精力值。\n\n召唤铁壁环境6回合，召唤成功则回复自身全体技能（含本技能）1pp。\n\n六回合内自身免疫异常和负面，期间受到每段任意伤害时先回复40精力再结算伤害。"
}