{
  "pet_name": "灵息帕尔",
  "keywords": [
    "猎血诅咒",
    "灵息帕尔"
  ],
  "skill_info": {
    "priority": 9,
    "power": 90,
    "pp": 20,
    "type": "恶魔",
    "category": "魔法"
  },
  "content": "技能：猎血诅咒\n造成伤害的同时诅咒对方。\n\n被此技能命中的一方会被叠加一个标记，目标被叠加到第三个标记后重置标记数。\n\n根据标记数对敌方施加效果:\n\n一个标记时，吸取敌方最大精力值的10%回复自身并删除其全体技能PP上限的10%；\n\n两个标记时，吸取敌方最大精力值的20%回复自身并删除其全体技能PP上限的20%；\n\n三个标记时，吸取敌方最大精力值的30%回复自身并删除其全体技能PP上限的30%，同时回复自身全体技能1PP。\n\nP.S：pp值的扣除量向上取整，敌方换下场标记则失效并重置为0。"
}