{
  "pet_name": "灵息帕尔",
  "keywords": [
    "古堡回响",
    "灵息帕尔"
  ],
  "skill_info": {
    "priority": 15,
    "power": null,
    "pp": 4,
    "type": "恶魔",
    "category": "变化"
  },
  "content": "技能：古堡回响\n净化自身异常与负面，免疫异常与负面5回合。\n\n回复自身50%精力值，天气下召唤血月天气6回合，环境下召唤暗黑城环境6回合。\n\n场上无天气/环境或处于『无天气/环境』锁天气状态时，则额外回复30%精力值。"
}