{
  "pet_name": "弥迹辛西娅",
  "keywords": [
    "皓彩泽芳",
    "弥迹辛西娅",
    "滋养",
    "采撷",
    "含英游仙"
  ],
  "skill_info": {
    "priority": 10,
    "power": 110,
    "pp": 12,
    "type": "神草",
    "category": "魔法"
  },
  "content": "技能：皓彩泽芳\n尝试令对手沉睡，被免疫则尝试令对手恐惧。\n删除对手全技能1PP并回复自身其他技能1PP；若场上不为环境、或已为环境且环境回合数≥5，则PP删除量+1。\n若敌方场上宠物未被“采撷”但已被“滋养”则提升(50-10*自身魔攻正面强化等级数)点威力（满足条件时至少提升20威力）。\n威力伤害后根据对手剩余精力比例追加效果：\n若对手剩余精力＜50%，则追加(对手已损精力*0.2)点固伤（上限150）。"
}