{
  "pet_name": "弥迹辛西娅",
  "keywords": [
    "翠芽扶疏",
    "弥迹辛西娅",
    "滋养",
    "采撷"
  ],
  "skill_info": {
    "priority": 11,
    "power": 80,
    "pp": 10,
    "type": "神草",
    "category": "魔法"
  },
  "content": "技能：翠芽扶疏\n连续3回合发动技能并造成威力伤害，每回合实际威力为(基础威力-10*自身魔攻正面强化等级数)点（实际至少60威力）。\n首回合：若自身先手则闪避敌方后手非必中技能；反之若后手则召唤芬芳环境3回合。\n次回合与末回合：若自身所用技能先手值比敌方技能先手值恰好少1，则改为由我方先手。\n末回合额外：召唤芬芳环境6回合并将自身＜1级的魔攻等级置为1级，若敌方场上宠物未被“采撷”则对其进行1次“滋养”，反之已被“采撷”则清除场上的天气或“天气环境锁定”。\n补充说明：本技能的必先效果优先级高于梦境环境的反转行动顺序以及【唤魂龙谕】等技能的必先效果；只比较基础先手值，因而迷雾天气、束缚状态等其他影响实际先手值的效果不影响本技能的判定。"
}