{
  "pet_name": "弥迹辛西娅",
  "keywords": [
    "含英游仙",
    "弥迹辛西娅",
    "采撷",
    "瑰姿沐兰",
    "皓彩泽芳",
    "星临苏物"
  ],
  "skill_info": {
    "priority": 9,
    "power": 110,
    "pp": 12,
    "type": "神草",
    "category": "魔法"
  },
  "content": "技能：含英游仙\n提升(15*自身全局已“采撷”次数)点威力。\n寄生对手并删除对手本回合技能3PP；净化自身异常与负面，净化成功则PP删除量+1。\n若敌方场上宠物已被“采撷”则额外造成(80+自身已损精力*0.1)点固伤（上限120）并回复自身等额精力，此时若“瑰姿沐兰”PP为0则为其回复2PP。\n\n以上效果均在命中后生效，若敌方任意宠物被“采撷”则必中。\n威力伤害后根据对手剩余精力比例追加效果（必中）：\n若对手剩余精力≥70%，则回复自身“皓彩泽芳”技能1PP；\n若对手剩余精力≥50%，则令自身下一次主动使用威力技能造成伤害时无视其魔防正面强化。"
}