{
  "pet_name": "弥迹辛西娅",
  "keywords": [
    "瑰姿沐兰",
    "弥迹辛西娅",
    "采撷",
    "星临苏物",
    "含英游仙"
  ],
  "skill_info": {
    "priority": 15,
    "power": null,
    "pp": 6,
    "type": "神草",
    "category": "变化"
  },
  "content": "技能：瑰姿沐兰\n被动免疫睡眠和恐惧。\n\n净化自身异常与负面，回复自身(自身最大精力*0.5)点精力。\n免疫异常并召唤芬芳环境均持续6回合，回合内：\n①受到威力伤害时将自身双防能力值视为提升20%；\n②自身受到的非神草系技能造成的固伤减少(60+10*本回合自身累计受伤次数)点（上限100）；\n③自身主动使用威力技能时，若自身精力≤[自身最大精力*(0.6+0.05*自身全局已“采撷”次数，上限0.7)]则造成伤害前先召唤芬芳环境5回合并回复“星临苏物”技能1PP。"
}