{
  "pet_name": "弥迹辛西娅",
  "keywords": [
    "星临苏物",
    "弥迹辛西娅",
    "滋养",
    "采撷",
    "含英游仙",
    "瑰姿沐兰"
  ],
  "skill_info": {
    "priority": 12,
    "power": null,
    "pp": 8,
    "type": "神草",
    "category": "变化"
  },
  "content": "技能：星临苏物\n若敌方场下存在未被“采撷”但“已被“滋养”的阵亡宠物，则：对符合条件的所有阵亡宠物分别进行1次“采撷”后重置这些宠物的正负面强化，并删除敌方场上宠物全技能2PP、提升自身(本次重置的正负面强化项数*0.5)级魔攻（至少1级，向上取整）。\n若敌方场上宠物未被“采撷”且未被“滋养”则对其进行1次“滋养”，反之已被“采撷”则造成(50+25*自身全局已“采撷”次数)点固伤（上限150）并回复“含英游仙”技能1PP。\n回复自身(150+25*敌方全体未被“采撷”但已被“滋养”的存活宠物数)点精力（上限35%自身最大精力），免疫异常5回合，回合内：\n\n①每回合回复场下存活宠物（60+10*自身全局已“采撷”次数）点精力（上限100）；\n②自身“含英游仙”技能先手值+1；\n③自身主动使用威力技能时，若场上不为芬芳环境且自身魔攻等级≤1，则造成伤害前根据已“采撷”次数强化自身魔攻：若“采撷”次数≤3则将魔攻等级置于1级，≥4则置于2级。"
}