{
  "pet_name": "巴哈姆特",
  "keywords": [
    "沐日逐光",
    "巴哈姆特",
    "罡气",
    "山止川行"
  ],
  "skill_info": {
    "priority": 9,
    "power": 120,
    "pp": 10,
    "type": "光",
    "category": "物理"
  },
  "content": "技能：沐日逐光\n①免疫后手异常，对手后手每次尝试施加异常时回复自身全技能1PP并删除对手主动使用技能1PP。\n\n②若对手存在标记B，则回复自身其他威力技能1PP。\n\n③根据本回合我方先后手追加效果：\n\n若先手，则额外发动本技能2回合，额外回合每回合造成威力伤害并执行①效果；\n\n若后手，则提升(自身受到的先手威力伤害总和*0.35)威力（上限180）。\n\n*记对手“被打入的罡气”为标记B，全局有效。"
}