{
  "pet_name": "巴哈姆特",
  "keywords": [
    "山止川行",
    "巴哈姆特",
    "罡气",
    "沐日逐光",
    "腾蛟游龙"
  ],
  "skill_info": {
    "priority": 15,
    "power": null,
    "pp": 6,
    "type": "武",
    "category": "变化"
  },
  "content": "技能：山止川行\n被动免疫：束缚、恐惧。\n\n净化自身异常与负面，回复自身(自身最大精力*0.5)精力。\n\n免疫异常并召唤化境环境均持续6回合，回合内有以下效果：\n\n①强化化境环境效果：化境环境下，非武系宠物装备的命中/闪避/暴击/抗暴值在结算技能命中与暴击时失效；\n\n②自身免疫“降低精力回复”效果；\n\n③自身“沐日逐光”技能先手值提升(对手全体宠物标记B层数*0.5)（向上取整，上限2，可与“腾蛟游龙”提升先手值的效果叠加）。\n\n*记对手“被打入的罡气”为标记B，敌方全体宠物标记B总上限6层，“彻甲”血脉敌方单个宠物标记B上限2层，“寸劲”血脉敌方单个宠物标记B上限1层，全局有效。"
}