{
  "pet_name": "巴哈姆特",
  "keywords": [
    "飞霰流虹",
    "巴哈姆特",
    "罡气"
  ],
  "skill_info": {
    "priority": 10,
    "power": 120,
    "pp": 12,
    "type": "武",
    "category": "物理"
  },
  "content": "技能：飞霰流虹\n效果④、固伤必中，其他效果均在命中后生效，若当前对手存在标记B或敌方全体宠物标记B层数≥5则必中。\n\n①提升[(10+35*当前对手标记B层数)*敌方全体存在标记B的宠物总数]威力（上限200）。\n\n②删除对手全技能1PP并回复自身其他技能1PP，追加（威力伤害*0.15+35*当前对手标记B层数）固伤（上限200），若对手存在标记B则召唤化境环境4回合。\n\n③净化自身异常与负面，净化成功则回复自身(50+50*净化的异常与负面项数)精力。（无需净化成功，与描述不符）\n\n④若自身(上次使用后本技能PP值-本次使用后本技能PP值)≥2，则回复自身10精力并额外删除对手全技能1PP。\n\n*记对手“被打入的罡气”为标记B，敌方全体宠物标记B总上限6层，“彻甲”血脉敌方单个宠物标记B上限2层，“寸劲”血脉敌方单个宠物标记B上限1层，全局有效。"
}