{
  "pet_name": "巴哈姆特",
  "keywords": [
    "气韵沧溟",
    "巴哈姆特",
    "罡气"
  ],
  "skill_info": {
    "priority": 11,
    "power": null,
    "pp": 10,
    "type": "水",
    "category": "变化"
  },
  "content": "技能：气韵沧溟\n首回合必中，后续回合效果均在命中后生效。\n\n连续(2+敌方全体宠物标记B总层数)回合发动技能（上限5回合）。\n\n首回合：\n\n①随机触发：恐惧对手，失败则冰冻对手；冰冻对手。（若对手携带冰属性，仅触发前者）\n\n②回复自身(自身已损精力*0.25)精力（下限40，上限150），免疫异常4回合。\n\n③若自身当前精力≤(自身最大精力*0.5)，则回复自身其他技能2PP；\n\n若自身当前精力＞(自身最大精力*0.5)，则回复自身当前PP值最少的威力技能2PP（靠左优先）。\n\n每回合：\n\n若自身已激活“彻甲”或“寸劲”血脉，则令对手后手造成的任意伤害降低(自身当前标记A层数*10%)（若与血脉的减伤效果同时触发，则优先表现减免额度更高的减伤效果）。\n\n后续每回合额外：\n\n①造成(首回合自身已损精力*0.25)固伤并回复自身等量精力；\n\n②若首回合自身精力≤(自身最大精力*0.5)，则额外对对手及其场下存在标记B的队友造成(20*对手全体宠物标记B总层数)固伤并回复自身等量精力。\n\n*记自身“罡气”为标记A，对手“被打入的罡气”为标记B，自身标记A上限6层，敌方全体宠物标记B总上限6层，均为全局有效。"
}