{
  "pet_name": "巴哈姆特",
  "keywords": [
    "腾蛟游龙",
    "巴哈姆特",
    "罡气",
    "山止川行"
  ],
  "skill_info": {
    "priority": 10,
    "power": 135,
    "pp": 12,
    "type": "龙",
    "category": "物理"
  },
  "content": "技能：腾蛟游龙\n①诅咒对手，删除对手本回合技能3PP。\n\n②提升(对手最大精力*0.1)威力（上限165），倒置自身负面再造成威力伤害。\n\n③回复自身(威力伤害*0.25+35*当前对手标记B层数)精力（上限200）；若精力回复量溢出自身精力上限则追加(当前对手标记B层数*1)段、每段额度为(溢出的精力回复量*0.5+35*当前对手标记B层数)的固伤（上限120），若未溢出则额外删除目标技能1PP。\n\n④若对手存在PP值为0的技能，则回复自身10精力并自身下一次主动使用的威力技能先手值加1（自身换下重置）。\n\n*记对手“被打入的罡气”为标记B，“彻甲”血脉敌方单个宠物标记B上限2层，“寸劲”血脉敌方单个宠物标记B上限1层，全局有效。"
}