{
  "pet_name": "圣萌王者",
  "keywords": [
    "怒冲凌霄",
    "圣萌王者"
  ],
  "skill_info": {
    "priority": 10,
    "power": 90,
    "pp": 10,
    "type": "萌",
    "category": "魔法"
  },
  "content": "技能：怒冲凌霄\n威力非必中，效果必中。\n\n连续2回合发动技能。\n\n首回合：\n\n造成伤害前降低自身速度2级。\n\n恐惧对方并清除对方正面强化（非强制）。\n\n次回合：\n\n技能实际威力=90+30*自身正面强化等级总和（上限270）。\n\n造成伤害后释放自身正面强化。"
}