{
  "pet_name": "圣萌王者",
  "keywords": [
    "王者之威",
    "圣萌王者"
  ],
  "skill_info": {
    "priority": 15,
    "power": null,
    "pp": 4,
    "type": "萌",
    "category": "变化"
  },
  "content": "技能：王者之威\n净化自身异常状态，回复自身35%最大精力，5回合内免疫异常且受到的任意伤害减少1/3。\n\n根据自身双防高低（不计强化）追加效果：\n\n若自身物防能力值≥魔防能力值，倒置自身负面强化并提升自身（1+我方场下存在正面强化的宠物数）级魔攻（上限3级）。\n\n若自身魔防能力值＞物防能力值，净化自身负面强化并召唤梦境环境5回合。\n\n若后手出招且其他技能pp不全为0则重置本技能pp。"
}