{
  "pet_name": "圣萌王者",
  "keywords": [
    "绝境逢生",
    "圣萌王者"
  ],
  "skill_info": {
    "priority": 4,
    "power": null,
    "pp": 8,
    "type": "萌",
    "category": "变化"
  },
  "content": "技能：绝境逢生\n所有效果必中。\n\n净化自身异常与负面强化，回复30%最大精力并免疫异常3回合。\n\n删除对方全体技能（净化的异常项数+净化的负面强化等级）pp（上限5pp）。\n\n若自身当前精力低于20%则回满精力。\n\n若自身物防能力值≥魔防能力值且场上为梦境环境，清除梦境并锁定为无天气/环境3回合，成功清除梦境或净化自身则回复其他技能1pp。\n\n若自身魔防能力值＞物防能力值且场上为梦境外的其他天气/环境，清除场上天气/环境，成功清除天气/环境则回复其他技能1pp。\n\n*注：战斗信息可能提示“可惜没有命中”，不影响本技能实际效果，但可能触发部分技能“闪避成功”的判定。"
}