{
  "pet_name": "圣萌王者",
  "keywords": [
    "决胜千里",
    "圣萌王者"
  ],
  "skill_info": {
    "priority": 8,
    "power": null,
    "pp": 8,
    "type": "萌",
    "category": "变化"
  },
  "content": "技能：决胜千里\n所有效果必中。\n\n连续4回合结算本技能（无效果的回合不出现动画）\n\n首回合：\n\n1、对场上对手造成固伤，额度＝\n[0.2*自身不计强化的魔攻能力值＋40*自身魔攻负面强化等级＋40*min(双方场下除“圣萌王者”外的萌系宠物数之和，3)]\n\n2、对敌方场下造成波及伤害，额度＝40*min(双方场下除“圣萌王者”外的萌系宠物数之和，3)\n\n3、然后降低自身1级魔攻、给予双方场上宠物决胜千里技能独有的“标记”\n\n（注：宠物退场时会清除自身携带的“标记”，若首回合被反弹则仅标记到自身。）\n\n末回合：\n\n若对手携带“标记”，则对其造成9999点固定伤害。\n\n*注：战斗信息可能提示“可惜没有命中”，不影响本技能实际效果，但可能触发部分技能“闪避成功”的判定。"
}