{
  "pet_name": "普之舜舜",
  "keywords": [
    "吸风饮露",
    "普之舜舜"
  ],
  "skill_info": {
    "priority": 7,
    "power": null,
    "pp": 6,
    "type": "普通",
    "category": "变化"
  },
  "content": "技能：吸风饮露\n所有效果必中。\n\n删除对方最近使用技能5pp，回复自身（50+自身已损精力*0.35）的精力。\n\n*注：战斗信息可能提示“可惜没有命中”，不影响本技能实际效果，但可能触发部分技能“闪避成功”的判定。"
}