{
  "pet_name": "翡翠皇后",
  "keywords": [
    "玉烛调和",
    "翡翠皇后",
    "白玉国王"
  ],
  "skill_info": {
    "priority": 9,
    "power": 90,
    "pp": 10,
    "type": "光",
    "category": "物理"
  },
  "content": "技能：玉烛调和\n净化自身异常与负面，回复自身其他技能1PP。\n\n若使用者为“白玉国王”，则提升自身1级物防强化，提升(15*我方阵亡宠物数)威力，追加(威力伤害*0.5+10*我方阵亡宠物数)固伤；\n\n若使用者为“翡翠皇后”，则成功净化任意异常或负面时回复我方全体存活宠物(80*净化的异常与负面项数和)精力（上限240），否则造成100固伤并回复我方场下存活宠物等量精力。"
}