{
  "pet_name": "翡翠皇后",
  "keywords": [
    "举棋若定",
    "翡翠皇后",
    "白玉国王"
  ],
  "skill_info": {
    "priority": 14,
    "power": null,
    "pp": 7,
    "type": "土",
    "category": "变化"
  },
  "content": "技能：举棋若定\n被动免疫：睡眠、冰冻、恐惧、麻醉、迷惑、混乱、束缚\n\n净化自身异常与负面，回复自身(自身最大精力*0.6)精力，提升自身1级双防强化。\n\n免疫负面并召唤沃土环境均持续6回合，回合内有以下效果：\n\n①记录自身受到的任意伤害，末回合回复我方全体存活宠物(累计记录值*0.35)精力（回合内再次主动使用本技能则重置记录值）；\n\n②自身变化技能先手值加1，自身主动使用变化技能时删除对手变化技能2PP；\n\n③若我方场下有“白玉国王”且其阵容位置与自身相邻，则自身造成的威力伤害提升(7*“白玉国王”阵容位置序数)%。"
}