{
  "pet_name": "翡翠皇后",
  "keywords": [
    "棋布错峙",
    "翡翠皇后",
    "玉魔棋"
  ],
  "skill_info": {
    "priority": 10,
    "power": null,
    "pp": 10,
    "type": "草",
    "category": "变化"
  },
  "content": "技能：棋布错峙\n连续3回合发动技能。\n\n首回合：\n\n令对手混乱，造成(我方玉魔棋宠物数*1)段40固伤（上限4段）；\n\n若场上为沃土环境，则延长沃土环境(固伤段数*1)回合，并获得(50*固伤段数)护盾（不叠加）。\n\n后续每回合：\n\n造成max(对手当前精力*0.2, 对手已损精力*0.2)固伤（上限120）；\n\n若当回合我方先手，则在受到对手后手威力伤害时造成(对手威力伤害*0.5)固伤（上限300）；\n\n若当回合我方后手，则删除对手先手技能1PP并回复我方场下存活宠物80精力。\n\n“玉魔棋”宠物为：翡翠皇后、白玉国王、玛瑙战车、墨玉士兵、琥珀骑士、紫玉长老"
}