{
  "pet_name": "赛诺拉斯",
  "keywords": [
    "湮影坍缩",
    "湮影",
    "赛诺拉斯"
  ],
    "skill_info": {
    "priority": 10,
    "power": 120,
    "pp": 10,
    "type": "普通",
    "category": "物理"
  },
  "content": "技能：湮影坍缩\n①删除对手最近使用技能(3+对手正面强化项数*0.5，向下取整，上限5)pp。\n\n②提升本技能(20*对手正面强化项数，上限80)威力。\n\n③回复自身其他技能1PP并净化自身已有及后手被施加的异常，净化成功时获得1级物攻及双防强化。\n\n④自身当前精力＜50%时，重置自身正负面强化并造成(60+30*重置的正负面强化等级和，上限200)点固伤并回复自身等额精力。"
}