{
  "pet_name": "赛诺拉斯",
  "keywords": [
    "砺爪撕乌",
    "湮影",
    "暮云伺隙",
    "暝行掠辰",
    "赛诺拉斯"
  ],
    "skill_info": {
    "priority": 10,
    "power": 120,
    "pp": 12,
    "type": "光",
    "category": "物理"
  },
  "content": "技能：砺爪撕乌\n以下效果均在命中后生效，持有湮影时必中。\n\n①诅咒对手并删除对手全体技能1PP。\n\n②将自身低于1级的物攻强化置于1级，出手受到伤害时额外将自身双防强化置为1级。\n\n③若对手为新目标，则将场上宠物命中强化置为1级并记录场上对手及其强化。\n\n④据对手正面强化项数：\n\n● ≥2：追加(30+30*对手正面强化等级和，上限150)点固伤；\n\n● ≥3：删除对手全体技能1PP并回复自身其他威力技能1PP并重置对手正面强化(强制但不穿透锁强)。\n\n*湮影上限3层，全局有效。\n\n*新目标：判断当前对手背包位次，与上次不同则视为新目标，自身换下则将全部对手视为新目标。\n\n*本技能记录自身换下失效，仅保留最新记录。"
}