{
  "pet_name": "赛诺拉斯",
  "keywords": [
    "暝行掠辰",
    "砺爪撕乌",
    "赛诺拉斯"
  ],
    "skill_info": {
    "priority": 11,
    "power": 90,
    "pp": 10,
    "type": "普通",
    "category": "物理"
  },
  "content": "技能：暝行掠辰\n连续发动本技能(2+对手正面强化项数*0.5，向上取整，上限4)回合。\n\n每回合独立判定命中，miss无任何效果。\n\n首回合：\n\n①恐惧对手；\n\n②若对手存在正面物防强化，则令自身下次使用威力技能无视对手正面物防强化；否则后续回合提升本技能15点威力。\n\n末回合：\n\n①回复自身其他技能1PP并回复自身50点精力；\n\n②若场上对手已被【砺爪撕乌】技能记录则据其强化追加效果：\n\n● 与记录时一致，额外追加(30*对手正面强化项数，上限150)点固伤；\n\n● 与记录时不一致，删除对手最近使用技能2PP。"
}