{
  "pet_name": "赛诺拉斯",
  "keywords": [
    "暮云伺隙",
    "砺爪撕乌",
    "赛诺拉斯"
  ],
    "skill_info": {
    "priority": 11,
    "power": null,
    "pp": 10,
    "type": "普通",
    "category": "变化"
  },
  "content": "技能：暮云伺隙\n①造成(自身不计算强化物攻能力值*0.2)的固伤并回复自身等额精力且使对手每次使用技能额外消耗1PP（持续至我方换下）。\n\n②场上天气环境≥5回合时：清除场上天气环境并锁定3回合且删除对手本回合使用技能3PP。\n\n③若对手已被【砺爪撕乌】技能记录则将其强化恢复为与记录时一致(强制但不穿透锁强)。\n\n④重置自身正负面强化且4回合内自身使用威力技能时：\n\n● 若场上存在天气环境，则造成(40+10*自身重置的强化等级和，上限150)点波及伤害；\n\n● 若场上无天气环境，则造成(对手最大精力*0.1，上限150)固伤并回复自身等额精力。"
}