{
  "pet_name": "赛诺拉斯",
  "keywords": [
    "啸月呼星",
    "湮影",
    "暗影回溯",
    "赛诺拉斯"
  ],
    "skill_info": {
    "priority": 15,
    "power": null,
    "pp": 6,
    "type": "普通",
    "category": "变化"
  },
  "content": "技能：啸月呼星\n被动免疫束缚、冰冻。\n\n净化自身异常与负面并回复(300+40*湮影层数)点精力。\n\n场上无天气环境时：锁定天气环境6回合并将自身低于1级的双防及物攻强化置为1级。\n\n免疫异常6回合，回合内：\n\n①降低自身受到固伤60点(至多减为1)并提升20%威力伤害，天气环境下额外降低受到固伤20点并额外提升15%威力伤害；\n\n②降低对手技能威力（20*对手正面强化等级和）点（至少40，至多70；最低降至10）；\n\n③自身每次受到克制伤害时，回复自身(0.25*本次所受克制伤害，上限120)点精力。\n\n被动效果：携带本技能时，有以下效果：\n\n①降低所受暴击伤害(35%+10%*湮影层数)；\n\n②提升技能威力(30*湮影层数)点，持有湮影时若自身强化被降低则永久提升自身物攻能力值(30*应被降低等级数之和)点(可叠加，总上限300点，会被【采撷】血脉无视)。\n\n*湮影上限3层，全局有效。"
}