{
  "pet_name": "朝曦冰夕",
  "keywords": [
    "太初觉醒",
    "朝曦冰夕",
    "觉醒",
    "时光倒流",
    "绝对时间"
  ],
  "skill_info": {
    "priority": 15,
    "power": null,
    "pp": 1,
    "type": "电",
    "category": "变化"
  },
  "content": "技能：太初觉醒\n本技能pp免疫删除且不可回复。\n净化自身异常与负面强化，回复自身全部精力。\n6回合内我方全体宠物受到的威力伤害降低15%（回合内我方换宠永久有效）。\n进入觉醒状态6回合，觉醒中免疫异常与负面强化。"
}