{
  "pet_name": "朝曦冰夕",
  "keywords": [
    "时光倒流",
    "朝曦冰夕",
    "觉醒",
    "太初觉醒"
  ],
  "skill_info": {
    "priority": 11,
    "power": null,
    "pp": 6,
    "type": "冰",
    "category": "变化"
  },
  "content": "技能：时光倒流\n提升自身1级魔攻强化，免疫异常2回合。\n\n回复我方场下全体存活宠物(自身最大精力*0.3)精力，回复我方场下当前精力最低存活宠物全技能(1+各技能PP上限*0.3)PP（靠左优先；PP回复量向下取整）。\n\n若自身处于觉醒形态，则额外回复自身(自身最大精力*0.4)精力。\n\n*为场下宠物回复PP值时为其强化1级物攻后再降低其1级物攻。（此效果用于提醒双方被回复pp的是哪个宠物）"
}