{
  "pet_name": "华魇萌少",
  "keywords": [
    "织梦迷魂",
    "华魇萌少",
    "游灵"
  ],
  "skill_info": {
    "priority": 10,
    "power": 110,
    "pp": 12,
    "type": "萌",
    "category": "魔法"
  },
  "content": "技能：织梦迷魂\n以下效果均在命中后生效。\n\n（1）免疫负面1回合，迷惑对手且在威力伤害前召唤乐园环境4回合，召唤失败则使对手4回合内使用技能额外消耗1PP。（任一方换下失效）\n（2）威力伤害前自身魔攻强化＜2则提升自身魔攻1级，出手前若未受伤则额外强化1级魔防。\n（3）威力伤害后根据双方正面强化项数追加效果：对手正面强化项数少于自身时回复自身其他技能1PP，否则强制重置自身除魔攻外的正面强化并获得与对手正面强化相同的强化；以上效果结束后追加（40+15*场上双方正面强化等级总数，上限150）点固伤。\n（4）游灵耗尽时，删除对手最近使用技能3PP并回复自身80点精力。\n\n*游灵上限3只，全局有效。"
}