{
  "pet_name": "华魇萌少",
  "keywords": [
    "华光缚灵",
    "华魇萌少"
  ],
  "skill_info": {
    "priority": 8,
    "power": null,
    "pp": 10,
    "type": "萌",
    "category": "变化"
  },
  "content": "技能：华光缚灵\n额外回合miss仍能造成固伤，其余效果均在命中后生效。\n\n（1）束缚对手并删除对手全技能1PP，强制重置自身除魔攻外的正面强化并造成[威力为（100+本次重置的正面强化等级总数 *20，上限160）点的无属性魔法伤害]点固伤。（计入强化）\n（2）根据本次造成的固伤追加效果：\n● 固伤＜200：强化自身1级魔攻与魔防，令对手本回合使用技能3回合无法命中（任一方换下失效）；\n● 固伤≥200：对敌方全体额外追加（首段固伤-150，上限100）点固伤且PP删除量+1，额外发动本技能3回合且额外回合造成80点固伤。"
}