{
  "pet_name": "华魇萌少",
  "keywords": [
    "游灵惊魂",
    "华魇萌少",
    "游灵"
  ],
  "skill_info": {
    "priority": 11,
    "power": 125,
    "pp": 4,
    "type": "幽灵",
    "category": "魔法"
  },
  "content": "技能：游灵惊魂\n被动免疫迷惑、束缚、混乱。\n\n（1）提升（20*剩余游灵数）点威力，回复自身（20%+10%*剩余游灵数）最大精力，威力伤害后追加（剩余游灵数*0.5，向上取整）段、每段额度均为40点的固伤。\n（2）威力伤害前召唤迷雾天气3回合并删除对手本回合技能3PP，若剩余游灵数≤1则强制倒置对手正面强化且PP删除量+1并回复本技能1PP。\n（3）连续使用本技能时删除本技能1PP。\n本技能PP免疫删除且仅可被本身回复或删除。\n被动效果：携带本技能时，有以下效果：\n（1）全局首次登场时获得3只游灵，后续每次登场时若游灵耗尽则获得1只游灵。\n（2）每次受到异常后，如果自身还不免疫此种异常且剩有游灵，则消耗1只游灵使本场战斗永久免疫该异常。\n（3）每次受到的任意伤害降低（50+自身持有的游灵数*10）点（至多降为1点），受到的克制伤害不超过最大精力的（60%-5%*剩余游灵数）。\n（4）主动使用技能最多将魔攻强化至2级，若携带4个威力技能则提升至3级（不影响血脉在对手强化等级提升时，自身被动提升的魔攻等级）。\n主动使用任意技能后，为自身回复（剩余游灵数）点精力（提示性回血不受增减疗影响）。\n\n*游灵上限3只，全局有效。"
}