{
  "pet_name": "华魇萌少",
  "keywords": [
    "幽影沉吟",
    "华魇萌少",
    "游灵"
  ],
  "skill_info": {
    "priority": 11,
    "power": null,
    "pp": 10,
    "type": "幽灵",
    "category": "变化"
  },
  "content": "技能：幽影沉吟\n以下效果均在命中后生效。\n\n（1）给对手造成（敌方场下存活宠物已损精力之和的10%，场上对手当前精力的25%，两项中较大的一项且上限为150）点固伤并为自身回复等量精力，乐园环境下额外追加一段等量固伤。\n（2）根据场上天气环境追加不同效果：\n● 无天气环境时在受到后手威力伤害时给对手造成（30%*所受威力伤害）点固伤；\n● 任意环境下清除环境并锁定为无天气环境3回合。\n（3）若对手本回合技能剩余PP≤该技能最大PP值的50%则删除该技能2PP并回复自身其他技能1PP。\n（4）下回合，若自身主动使用变化技能则使对手后手回复的精力变为等量伤害。（对boss无效）\n（5）游灵耗尽时，则获得1只游灵并删除对手全体技能2PP。\n\n*游灵上限3只，全局有效。"
}