{
  "pet_name": "福熙水灵",
  "keywords": [
    "阖家欢",
    "福熙水灵",
    "福盈门"
  ],
  "skill_info": {
    "priority": 9,
    "power": null,
    "pp": 8,
    "type": "水",
    "category": "变化"
  },
  "content": "技能：阖家欢\n净化自身，回复20%最大精力。\n\n为己方全体队友回复精力 [8*(5-n)%*自身最大精力] ，对敌方场下所有宠物造成伤害 [4*(5-n)%*自身最大精力]。\n\nn为福盈门当前pp值。\n\n若本回合受到先手伤害，则对自身回复量变为1.5倍（即最大精力的30%）；\n\n若未受到先手伤害，则对队友的回复量变为1.5倍。\n\n若福盈门pp为0，则回复自身其他技能（含福盈门）1pp。\n\n上述效果结算完毕后回复福盈门1pp。"
}