{
  "pet_name": "福熙水灵",
  "keywords": [
    "福盈门",
    "福熙水灵"
  ],
  "skill_info": {
    "priority": 15,
    "power": null,
    "pp": 4,
    "type": "水",
    "category": "变化"
  },
  "content": "技能：福盈门\n以下n均代表本技能使用前的pp值（即技能描述中的福气）。\n\n若自身受到“使用技能时额外消耗pp”效果的影响，则n为 [使用前pp-1] 。\n\n无论有无该debuff影响，（仅对本技能来说）n取值均至少为1。\n\n被动免疫寄生、麻醉、迷惑、束缚、催眠。本技能pp免疫删除。\n\n回复自身最大精力的 [20+10n]%，强化 [n/2] 级魔攻（向下取整）。\n\n4回合内免疫异常状态，并限制所受的单段伤害不超过最大精力的30%。\n\n召唤星云天气6回合；若n为3或4则回复其他技能1pp。\n\n上述效果结算完毕后清空本技能pp值。"
}