{
  "pet_name": "戮影龙皇",
  "keywords": [
    "杀戮律动",
    "戮影龙皇",
    "戮影"
  ],
  "skill_info": {
    "priority": 12,
    "power": null,
    "pp": 10,
    "type": "龙",
    "category": "变化"
  },
  "content": "技能：杀戮律动\n净化自身异常并免疫异常3回合，束缚对方并闪避后手非必中技能，闪避失败（即提示“可惜没有命中”则算闪避成功）删除敌方全体技能1pp，回复自身其他技能1pp。\n\n令敌方4回合内使用非龙系技能额外消耗1PP（任意一方换下失效）。\n\n回复自身（20%最大精力值）精力，攻击新目标（我方换下重置新目标判定）时对其施加『戮影』标记（永久，双方换下均不失效）并将回复精力提升至（30%最大精力值）精力。\n\n对对方造成（45+对方已损精力值*0.25，上限150）固伤，并根据双方当前精力追加效果：\n\n①若对方≥我方，固伤提升至（75+对方已损精力值*0.3，上限150）；\n\n②若对方<我方，额外造成（固伤）波及伤害。"
}