{
  "pet_name": "戮影龙皇",
  "keywords": [
    "化险为夷",
    "戮影龙皇",
    "戮影"
  ],
  "skill_info": {
    "priority": 15,
    "power": null,
    "pp": 6,
    "type": "武",
    "category": "变化"
  },
  "content": "技能：化险为夷\n净化自身并回复自身（60%最大精力值）精力后再回复（自身携带的变化技能数*20）精力。\n\n免疫异常和负面并召唤环境均持续6回合，若自身携带的武系技能数≥龙系时召唤化境环境否则召唤龙阵环境。\n\n回合内：\n\n①降低自身25%受到的任意伤害；\n\n②受到伤害后回复自身和己方存活队友（自身减免的伤害*0.7）精力，己方场下存活的龙系队友回复效果提升至（自身减免的伤害*1）。"
}