{
  "pet_name": "戮影龙皇",
  "keywords": [
    "迅影狩猎",
    "戮影龙皇",
    "戮影"
  ],
  "skill_info": {
    "priority": 11,
    "power": 120,
    "pp": 10,
    "type": "龙",
    "category": "物理"
  },
  "content": "技能：迅影狩猎\n恐惧对方并召唤化境环境3回合；恐惧被免疫则回复自身除本技能外先手值≥本技能先手值的技能1PP。\n\n删除对方全体技能2PP，根据自身上回合技能追加效果：\n\n①若是威力，重置对方正面强化（非强制）并令其后手治疗无效化；\n\n②若是变化，令对方所有变化技能后续2次使用无法命中（每个技能单独计算次数，任意一方换下均不失效），追加（自身变化技能数*50）固伤。"
}