{
  "pet_name": "破启幽王",
  "keywords": [
    "凝灵击",
    "破启幽王",
    "轮回空间",
    "法阵",
    "轮回阵",
    "永夜临"
  ],
  "skill_info": {
    "priority": 10,
    "power": 100,
    "pp": 20,
    "type": "幽灵",
    "category": "魔法"
  },
  "content": "技能：凝灵击\n己方每名阵亡队友可为本技能提供25点威力增幅，威力上限为200。\n\n令对手混乱并赋予对方一层法阵标记（对方换下失效），然后根据法阵标记层数赋予额外效果：\n\n1. 对敌方场下精力最高的宠物造成伤害[0.2*对方场上宠物最大精力]，若自身处于轮回空间，则倍率提升至0.25并删除本技能1pp。\n2. 根据百分比删除对方上回合与本回合使用的技能pp [各自最大pp* ( 10+5*法阵标记层数) %，向上取整]。\n\n若对方上回合与本回合使用的为同一技能，则视为对该技能进行两次删除[但叠加后的删除量不可超过该技能pp上限的35%(向上取整) ]。\n\n3. 若法阵标记层数=3且轮回阵pp为0, 则回复轮回阵1pp。\n4. 若法阵标记层数=4, 则回复轮回阵1pp，对敌方场下全体宠物造成波及伤害[0.25*场上宠物最大精力]， 然后将层数清零。"
}