{
  "pet_name": "破启幽王",
  "keywords": [
    "轮回阵",
    "破启幽王",
    "轮回空间",
    "凝灵击"
  ],
  "skill_info": {
    "priority": 15,
    "power": null,
    "pp": 6,
    "type": "幽灵",
    "category": "变化"
  },
  "content": "技能：轮回阵\n净化自身异常并强制重置正负面强化，使对方本回合后手非必中技能miss，回复自身精力[0.75*魔攻能力值]；\n\n若回血溢出（即回血量>已损失精力），则额外赋予自身护盾[0.3*溢出部分回血量]，护盾额度可叠加，上限为400。\n\n召唤迷雾天气6回合。召唤天气成功时提升自身120点速度能力值1回合，召唤失败则变为提升6回合。\n\n六回合内有如下效果:\n\n1. 锁定自身正负面强化并免疫异常状态；\n2. 每回合获得一个护盾[ 0.1*自身魔攻能力值+ 10*对方幽灵或恶魔属性宠物数]，每回合提供的护盾额度可与此前剩余额度叠加，总额度上限为400。\n3. 自身进入轮回空间，强化其他专属技能。\n4. 自身无法造成概率性暴击伤害且不会受到常规的概率性暴击伤害；我方换下则失效。\n5. 自身受到致命伤害时若自身已耗尽pp的技能数≤1，则删除自身全体技能各自最大pp的75% （向下取整），并回复[75%最大精力]复活（此效果在满足条件的情况下可触发多次），我方换下失效。\n\n*以上涉及魔攻能力值的数值不计强化。"
}