{
  "pet_name": "破启幽王",
  "keywords": [
    "永夜临",
    "破启幽王",
    "轮回空间",
    "法阵",
    "凝灵击"
  ],
  "skill_info": {
    "priority": 6,
    "power": null,
    "pp": 20,
    "type": "幽灵",
    "category": "变化"
  },
  "content": "技能：永夜临\n1. 召唤迷雾天气99回合，若召唤失败则获得1回合异常免疫。\n2. 净化自身异常和负面，净化成功则回复自身全体技能1pp与[80*净化的异常和负-面项数总数]点精力。\n3. 造成[0.25*对方当前精力]的固定伤害，并获得与伤害量等额的护盾。护盾额度可叠加，总额度上限为400。\n\n若自身处于轮回空间则删除本技能1pp并额外获得[0.1*自身魔攻能力值+5*对方存活宠物数]的护盾。\n\n4. 赋予对方一层法阵标记（与凝灵击为同种“法阵标记”，对方换下失效），然后根据法阵标记层数追加效果：\n\n若法阵标记层数≤3，则清除对方正面强化（非强制），删除对方全体技能1pp；\n\n若法阵标记层数=4，则清除对方正面强化（强制），回复自身全体技能2pp，删除对方全体技能2pp，然后清空法阵标记。\n\n5. 根据净化情况与消强情况额外删除对方全体技能PP。\n\n[额外删除量=自身净化的异常和负面项数+成功清除的对方正面强化等级数]（无需净化成功，与描述不符）\n\n*本技能先执行回pp效果再执行删pp效果，pp删除量上限为4；以上涉及魔攻能力值的数值不计强化。"
}