{
  "pet_name": "破启幽王",
  "keywords": [
    "堕魂咒",
    "破启幽王",
    "轮回空间",
    "法阵",
    "凝灵击",
    "永夜临"
  ],
  "skill_info": {
    "priority": 11,
    "power": 80,
    "pp": 15,
    "type": "幽灵",
    "category": "魔法"
  },
  "content": "技能：堕魂咒\n连续3回合发动，若首回合命中则后续回合一定命中； 若首回合miss则只触发回血效果[0.3*魔攻能力值]，后续回合无法带出。\n\n首回合效果:\n\n诅咒对方并使其后手治疗无效，若诅咒成功且对方空pp技能数≥2则先造成9999固定伤害再造成威力伤害。\n\n回复自身[0.3*魔攻能力值]的精力，若自身处于轮回空间则删除本技能1pp。\n\n后续2回合效果：\n\n若上次结算时自身所有技能剩余pp总和 - 本次结算时pp总和 ≥ 8，则视自身魔攻强化为2级后造成威力伤害；若<8则回复自身[0.3*魔攻能力值]精力。\n\n每回合效果:\n\n1. 若自身处于轮回空间，则基础威力提升[15*对方当前携带的法阵标记层数] ;\n2. 无论对方是否携带正负面强化，本技能威力提升 [0.2*对方已损失精力（此部分上限120）]。\n3. 回复我方队友精力[0.12*自身魔攻能力值]。\n\n*以上涉及魔攻能力值的数值不计强化。"
}