{
  "pet_name": "雪莉再生机",
  "keywords": [
    "A101再生",
    "雪莉再生机",
    "节能形态",
    "暴走形态",
    "狂暴状态",
    "吹星落雨",
    "陨石亲和"
  ],
  "skill_info": {
    "priority": 15,
    "power": null,
    "pp": 2,
    "type": "机械",
    "category": "变化"
  },
  "content": "技能：A101再生\n被动免疫冰冻、睡眠、恐惧、麻醉、迷惑、混乱、束缚状态。\n\n默认处于节能形态，主动使用则净化自身并获得额外效果：\n\n(1)根据本技能pp数获取增益：\n\n①若使用前本技能pp为2且不处于双损状态，则回复60%精力与其他技能2pp，进入暴走形态4回合。4回合内提升自身25%威力伤害、减免70%所受固定伤害。\n\n②若使用前本技能pp为1或者处于双损状态，则回复40%精力与其他技能1pp，进入暴走形态3回合。3回合内提升自身25%威力伤害、减免50%所受固定伤害。\n\n/*暴走形态下自身免疫异常状态与负面强化，且同此前有限回合的觉醒技能一致，换下换上保留暴走形态与免疫效果（不保留提升威力伤害和减免固伤的效果），回合结束后回归到节能形态。\n\n(2)结算上述效果后，清空本技能pp。\n\n(3)结算上述效果后，召唤铁壁环境6回合，召唤失败则回复本技能1pp。\n\n/*本技能pp为0时，视为进入狂暴状态（可与节能或暴走形态共存），狂暴状态下使用其他技能可在结算后回复本技能1pp。"
}