{
  "pet_name": "雪莉再生机",
  "keywords": [
    "翳月沉雾",
    "雪莉再生机",
    "节能形态",
    "暴走形态",
    "狂暴状态"
  ],
  "skill_info": {
    "priority": 8,
    "power": 125,
    "pp": 10,
    "type": "幽灵",
    "category": "魔法"
  },
  "content": "技能：翳月沉雾\n(1)对处于冰冻、恐惧、睡眠其一状态的敌人追加999固定伤害，成功则回复全体技能2pp；\n\n(2)清除对方正面强化（非强制），若场上不为环境则强制；\n\n(3)根据自身所处形态追加效果：\n\n①若处于节能形态，净化魔攻负面后提升1级魔攻并束缚对方。束缚成功则在造成伤害后额外提升1级魔攻，失败则赋予对方40%的虚弱状态3回合（对自身无效，我方换下后变更为永久，对方换下立即失效）。\n\n②若处于暴走形态，诅咒对方，诅咒失败则先吸取对方15%最大精力再造成威力伤害，并降低对方25%精力回复效果3回合。\n\n(4)若处于狂暴状态则令对方恐惧，被免疫则删除对方最近使用的技能3pp。\n\n(5)本技能miss时不能触发效果（3），若处于狂暴状态则必中。"
}