{
  "pet_name": "雪莉再生机",
  "keywords": [
    "吹星落雨",
    "雪莉再生机",
    "A101再生",
    "节能形态",
    "暴走形态",
    "狂暴状态"
  ],
  "skill_info": {
    "priority": 10,
    "power": 110,
    "pp": 10,
    "type": "光",
    "category": "魔法"
  },
  "content": "技能：吹星落雨\n依顺序触发如下效果：\n\n(1)删除对方全体技能（n）pp（至少删1，n为A101再生技能的pp余量），净化自身魔攻负面后提升1级魔攻再造成伤害。\n\n(2)根据自身所处形态追加效果：\n\n①若处于节能形态，令对方使用技能PP损耗+1持续4回合（重复使用本技能时不重置回合）。\n\n②若处于暴走形态，则将＞1的魔攻等级置于1级后追加一段固定伤害。\n固伤套用威力伤害计算公式追加一段固伤，其中，威力取110，不考虑克制抵抗关系，魔攻能力值取值=自身不计强化的魔攻能力值*消耗的魔攻等级*0.5。波动系数为0.8~1。\n\n(3)若自身处于狂暴状态，则根据是否触发上述固伤追加效果：\n\n①若触发，则造成等同于固伤值的波及伤害（上限200）并回复我方全体等额精力；\n\n②未触发（处于节能形态或未释放魔攻）则回复自身100精力并额外删除对方全体技能1pp。\n\n(4)自身处于暴走形态则本技能必中；处于节能形态时，除赋予对方双损状态以外的效果（删除pp、提升魔攻、回复精力）必中。"
}