{
  "pet_name": "雪莉再生机",
  "keywords": [
    "金玉之锻",
    "雪莉再生机",
    "节能形态",
    "暴走形态",
    "狂暴状态"
  ],
  "skill_info": {
    "priority": 12,
    "power": null,
    "pp": 12,
    "type": "机械",
    "category": "变化"
  },
  "content": "技能：金玉之锻\n连续2回合发动技能。\n\n(1)首回合：①若处于暴走形态且自身魔攻等级≤4，则首先强化自身1级魔攻；\n\n②造成额度为 [ 0.16*自身以绝对值计算强化的魔攻能力值 +（12~25间的浮动值） ] 的固伤 [若对方魔抗能力值＞480，则实际固伤为上述计算结果的（480/对方不计强化的魔抗能力值）]；\n\n③重置自身全部正负面强化后锁定自身除魔攻外的强化1回合，并计算m=重置的魔攻等级绝对值+0.5*非魔攻等级绝对值之和（向上取整）；\n\n   /*连续主动使用本技能时，m储存的值为各次中最高的一个值。\n\n④若处于狂暴状态，删除对方最近使用技能（2+m）pp，上限为4；\n\n(2)次回合：\n\n①造成额度为 [ 0.16*自身不计强化的魔攻能力值 +（12~25间的浮动值） + 20m] 的固伤 [若对方魔抗能力值＞480，则实际固伤为上述计算结果的（480/对方不计强化的魔抗能力值）] ；\n\n②强化自身m级魔攻，若首回合处于节能形态且本回合处于暴走形态则额外强化1级。\n\n执行强化后自身的魔攻等级上限为4。\n\n(3)每回合：若处于节能形态则回复自身100精力。"
}