{
  "pet_name": "雪莉再生机",
  "keywords": [
    "借尸还魂",
    "雪莉再生机"
  ],
  "skill_info": {
    "priority": 15,
    "power": null,
    "pp": 10,
    "type": "幽灵",
    "category": "变化"
  },
  "content": "技能：借尸还魂\n对自身造成9999点伤害。\n\n为我方场下存在血量损失且当前损失血量值最多的存活宠物回复（该宠物最大精力*0.5）的精力，给予该宠物与自身等量的魔攻正面强化。(有多只宠物损失血量值相同时，取背包位置最靠左的宠物)"
}