{
  "pet_name": "钧霆奥德诺",
  "keywords": [
    "列缺摧峦",
    "钧霆奥德诺",
    "明光"
  ],
  "skill_info": {
    "priority": 9,
    "power": 100,
    "pp": 10,
    "type": "电",
    "category": "物理"
  },
  "content": "技能：列缺摧峦\n至少连续发动2回合，若对手存在明光标记则额外发动(对手“明光”标记数*0.5)回合（向上取整）。\n\n首回合miss不影响继续发动，每回合独立判定命中，以下效果均在命中后生效。\n\n首回合：若自身有异常或负面则净化自身并赋予对手1层“明光”标记；雷暴天气下追加(威力伤害*0.3)固伤（上限150）。\n\n后续每回合：由自身本回合主动使用技能的属性决定本次威力伤害的克制抵抗关系，若主动使用的是电系技能则额外回复自身(本技能威力伤害*0.5)精力（上限150）。\n\n末回合：赋予对手1层“明光”标记。\n\n※“明光”标记上限3层，场上任一方换下失效。"
}