{
  "pet_name": "钧霆奥德诺",
  "keywords": [
    "震引明光",
    "钧霆奥德诺",
    "力天使"
  ],
  "skill_info": {
    "priority": 15,
    "power": null,
    "pp": 2,
    "type": "电",
    "category": "变化"
  },
  "content": "技能：震引明光\n本技能PP免疫删除且不可回复。\n\n净化自身异常与负面，回复自身(自身最大精力*0.5)精力。\n\n免疫异常5回合并召唤雷暴天气5回合，回合内有以下效果：\n\n①自身主动使用的威力技能提升30点威力；\n\n②自身每次受到的固伤减少30点；\n\n若首回合使用后本技能PP不为0，则回复我方场下存活宠物（回复精力前自身当前精力-自身最大精力*0.5）精力（下限0，上限300）。\n\n若首回合使用后本技能PP为0则有以下效果：\n\n①额外回复自身其他技能4PP并将自身物攻强化置为1级；\n\n②免疫异常及附带效果与召唤的雷暴天气回合数延长至9回合。\n\n携带本技能且PP为0时，视为进入“力天使”状态。\n\n※本技能的异常免疫及其附带效果回合不随自身换下立即结束，重新换上后将继续结算剩余回合（类似觉醒效果）。"
}