{
  "pet_name": "钧霆奥德诺",
  "keywords": [
    "电戟破空",
    "钧霆奥德诺",
    "明光",
    "力天使",
    "踆乌晰耀"
  ],
  "skill_info": {
    "priority": 11,
    "power": 100,
    "pp": 5,
    "type": "电",
    "category": "物理"
  },
  "content": "技能：电戟破空\n令对手恐惧，删除对手全技能(1+对手携带的“明光”标记数*0.5)PP（向下取整）。\n\n净化自身异常并倒置自身负面，回复自身(40+20*对手“明光”标记数)精力。\n\n对敌方场下当前精力最高宠物（靠左优先）造成(威力伤害*0.3)波及伤害，雷暴天气下额度提升至(威力伤害*0.5)。\n\n若对手存在“明光”标记则追加(对手“明光”标记数*0.5)段（向上取整）、每段额度均为(威力伤害*0.3)的固伤；\n\n若对手“明光”标记达到3层则回复自身首格技能2PP（若不可回复则顺延至从左到右第一个可回复的技能）。\n\n力天使状态下，造成威力伤害时将对手物防等级视为-1级。\n\n※“明光”标记上限3层，场上任一方换下失效。"
}