{
  "pet_name": "钧霆奥德诺",
  "keywords": [
    "星河逐电",
    "钧霆奥德诺",
    "明光",
    "瑜华"
  ],
  "skill_info": {
    "priority": 12,
    "power": null,
    "pp": 4,
    "type": "翼",
    "category": "变化"
  },
  "content": "技能：星河逐电\n本技能PP免疫删除且不可回复。\n\n免疫控制异常4回合，召唤雷暴天气6回合。\n\n赋予对手1层“明光”标记，清除自身“瑜华”标记后（在效果①之前）获得与对手“明光”标记相等层数的“瑜华”标记，回复自身(50+80*本次获得的“瑜华”标记数)精力，然后根据本次获得的“瑜華”标记数追加效果（可叠加）：\n\n①≥1：令自身下一次主动使用任意技能时清除“瑜华”标记并赋予对手等量“明光”标记；\n\n②≥2：4回合内自身获得的负面强化减半（减半部分向上取整；首回合立即生效；对部分强制类效果无效）；\n\n③=3：回复自身其他技能2PP，回复自身(50+自身当前精力*0.2)精力（上限150）并造成等量固伤。\n\n※“明光”标记上限3层，场上任一方换下失效；“瑜华”印记上限3层，自身换下失效。"
}