{
  "pet_name": "钧霆奥德诺",
  "keywords": [
    "踆乌晰耀",
    "钧霆奥德诺",
    "明光",
    "力天使",
    "电戟破空"
  ],
  "skill_info": {
    "priority": 10,
    "power": 115,
    "pp": 12,
    "type": "光",
    "category": "物理"
  },
  "content": "技能：踆乌晰耀\n以下效果均在命中后生效，力天使状态下必中。\n\n删除对手本回合技能3PP，回复自身“电戟破空”技能1PP。\n\n威力伤害前降低对手1级物防强化（非强制），雷暴天气下降低物防失败则将自身物攻强化置为1级。\n\n力天使状态下赋予对手1层“明光”标记，若自身本技能攻击回合内且结算威力伤害前场上任一方强化发生变化则额外追加(对手已损精力*0.25)固伤（上限120）。\n\n※“明光”标记上限3层，场上任一方换下失效。"
}