{
  "pet_name": "极丶先锋君主",
  "keywords": [
    "魔与道",
    "极丶先锋君主",
    "先锋君主",
    "恶魔形态",
    "天使形态"
  ],
  "skill_info": {
    "priority": 11,
    "power": null,
    "pp": 10,
    "type": "普通",
    "category": "变化"
  },
  "content": "技能：魔与道\n恶魔形态非必中，命中后恐惧对方并删除对方全体技能2pp，对方免疫恐惧则对敌方场下造成（自身魔攻能力值*0.3）的波及伤害。\n天使形态必中，回复我方全体（自身魔攻能力值*0.3）的精力，提升自身魔攻2级。"
}