{
  "pet_name": "极丶先锋君主",
  "keywords": [
    "因与果",
    "极丶先锋君主",
    "先锋君主",
    "恶魔形态",
    "天使形态"
  ],
  "skill_info": {
    "priority": 10,
    "power": 100,
    "pp": 15,
    "type": "普通",
    "category": "魔法"
  },
  "content": "技能：因与果\n恶魔形态必中，清除对方正面强化（非强制）再造成威力伤害，并追加一段（本技能威力伤害*1.5）的固伤。\n天使形态非必中，命中后回复自身其他技能2pp，虚弱对方50%威力伤害1回合（我方换下永久有效）。"
}