{
  "pet_name": "极丶先锋君主",
  "keywords": [
    "白与黑",
    "极丶先锋君主",
    "先锋君主",
    "恶魔形态",
    "天使形态"
  ],
  "skill_info": {
    "priority": 15,
    "power": null,
    "pp": 10,
    "type": "普通",
    "category": "变化"
  },
  "content": "技能：白与黑\n被动免疫睡眠、冰冻、麻醉、迷惑、恐惧、混乱、束缚状态。\n\n净化自身异常与负面强化，回复自身40%最大精力。\n根据本技能剩余pp切换形态，剩余pp为奇数时进入“恶魔形态”，为偶数时进入“天使形态”，不携带本技能则默认“恶魔形态”。"
}