{
  "pet_name": "圣裁战龙王",
  "keywords": [
    "唤魂龙谕",
    "圣裁战龙王",
    "龙魂",
    "衔烛移星",
    "踏绛龙行"
  ],
  "skill_info": {
    "priority": 13,
    "power": null,
    "pp": 6,
    "type": "龙",
    "category": "变化"
  },
  "content": "技能：唤魂龙谕\n本技能实际技能先手值为（基础先手值+我方龙系宠物数，上限15），若我方龙系宠物数≥3且本回合双方技能先手值相同时本技能必定先手（优先级低于疾风天气对翼系的必先手）。\n\n净化自身并回复自身[（50%+我方龙系宠物数*5%）*自身最大精力值，上限80%自身最大精力值]精力，获得3层龙魂。\n\n召唤龙阵环境6回合，6回合内自身威力技能伤害提升（15%+我方龙系宠物数*5%，上限30%）。\n\n闪避本回合对方后手非必中技能，仍被命中时强制重置双方正面强化。"
}