{
  "pet_name": "圣裁战龙王",
  "keywords": [
    "踏绛龙行",
    "圣裁战龙王",
    "唤魂龙谕",
    "圣怒逆鳞",
    "衔烛移星",
    "武震寰宇"
  ],
  "skill_info": {
    "priority": 9,
    "power": 120,
    "pp": 10,
    "type": "龙",
    "category": "物理"
  },
  "content": "技能：踏绛龙行\n删除对方全技能1PP，回复自身其他专属技能1PP（包括唤魂龙谕、圣怒逆鳞、衔烛移星、武震寰宇）。\n\n提升（先手受到伤害总和*0.2，上限100）威力，若自身出手前未受到任意伤害时（被减免至0时也算未受到伤害）额外永久提升本技能15点威力（最高提升40点）。\n\n根据自身强化追加效果：\n\n①若自身存在除正面物攻外任意正负面强化则重置自身正负面强化，重置成功且自身精力值≤50%则本次威力伤害额外提升50%，重置成功且自身精力值>50%则将自身精力值降低至50%并获得（减少精力值）护盾（可与其他技能和血脉叠加，总上限150）后对敌方追加（40+重置强化等级*30，上限150）固定伤害；\n\n②否则（自身不存在除正面物攻外任意正负面强化）则强化自身1级物攻（上限2级）。"
}