{
  "pet_name": "圣裁战龙王",
  "keywords": [
    "衔烛移星",
    "圣裁战龙王",
    "龙魂",
    "唤魂龙谕",
    "踏绛龙行"
  ],
  "skill_info": {
    "priority": 10,
    "power": 120,
    "pp": 10,
    "type": "龙",
    "category": "物理"
  },
  "content": "技能：衔烛移星\n效果必中，威力非必中；先手则均必中。\n\n诅咒对方，删除敌方全体技能1PP；自身全体技能当前pp和≤50%时额外删除敌方全技能1pp。\n\n提升[（100-龙魂层数*15，上限80）+（自身已损精力值*0.2，上限100)]威力。\n\n根据威力伤害克制情况追加效果（先追加效果再造成威力伤害，可叠加）：\n\n①若造成非克制伤害则强制重置对方正面强化；\n\n②若造成抵抗伤害则降低敌方50%精力回复持续三回合。\n\n根据自身当前精力比例追加效果：\n\n若自身当前精力≤50%，则自身获得（本次威力伤害*0.4，上限150）护盾（可与其他技能和血脉叠加，总上限150）并删除对方全体技能1PP后回复唤魂龙谕技能1pp。\n\n*注：总删pp上限为2。"
}