{
  "pet_name": "圣裁战龙王",
  "keywords": [
    "武震寰宇",
    "圣裁战龙王"
  ],
  "skill_info": {
    "priority": 10,
    "power": 110,
    "pp": 10,
    "type": "武",
    "category": "物理"
  },
  "content": "技能：武震寰宇\n首回合必中，后续回合非必中。\n\n本技能实际威力为：110+我方全体宠物携带武系技能数*10（上限50），若主动使用本技能时自身携带的武系技能数≥2则回复自身除本技能外其他技能1PP。\n\n首回合根据自身上回合技能与本技能实际先手值追加以下效果：\n\n①本技能≥上回合技能则额外删除对方全技能（本技能先手值-上回合技能先手值，上限2）PP，威力伤害后追加（敌方已损精力值*0.2，上限120）固伤并回复自身等量精力；\n\n②本技能<上回合技能则额外发动本技能[（上回合技能先手值-本技能先手值）*0.5，上限2]回合（向上取整）。"
}