{
  "pet_name": "圣裁战龙王",
  "keywords": [
    "圣怒逆鳞",
    "圣裁战龙王",
    "龙魂",
    "踏绛龙行"
  ],
  "skill_info": {
    "priority": 11,
    "power": null,
    "pp": 8,
    "type": "龙",
    "category": "变化"
  },
  "content": "技能：圣怒逆鳞\n连续发动技能3回合：\n\n①首回合：恐惧对方并追加（对方20%当前精力值、对方20%已损精力；两者取最高，上限150）固伤且回复自身等量精力后净化自身异常；删除对方全技能1PP并反弹后手异常（不消耗龙魂，即自身免疫异常并给对方施加相同异常)，抵挡成功（即自身免疫掉对方后手异常）时删除其变化技能1PP且回复自身全技能1PP，非龙阵环境时额外删除其威力技能1PP；\n\n②后续回合：若对方异常数≥2则斩杀（999伤害）；若对方异常数<2则追加（我方已损精力值*0.2+敌方当前精力值*0.15，上限120）固伤并对其场下宠物造成（本次固定伤害*0.6）的波及伤害。"
}