{
  "pet_name": "革凡普王",
  "keywords": [
    "含光擘影",
    "革凡普王",
    "临云之境",
    "侠志之境",
    "怀霜临云",
    "燕侠高志"
  ],
  "skill_info": {
    "priority": 9,
    "power": 120,
    "pp": 10,
    "type": "普通",
    "category": "物理"
  },
  "content": "技能：含光擘影\n无视对手大于0的物防等级造成伤害，并视情况追加效果：\n\n1.若场上有任意天气环境，则清除之并获得一回合闪避。\n\n2.若双方不存在空pp技能，则技能基础威力提升100；\n\n    反之则追加 [ 1+m ] 段固伤；上限4段，m为双方空pp技能数。\n\n    若对手有正负面强化，则每段固伤为对手最大血量的8%；\n\n    若对手无正负面强化，则每段固伤提升到对手最大血量的12%。\n\n3.若自身所有技能剩余pp总量之和＜15，则回复其他技能1pp。\n\n4.若自身处于临云之境，则技能威力=基础威力+0.3*自身已损失血量，并重置自身物攻与魔攻正负面强化再造成威力伤害。每成功重置一项强化则删除对手全体技能1pp（重置2项则删2）；\n\n    若清除天气/环境成功且本技能pp不为0则回复本技能1pp。\n\n5.若自身处于侠志之境，若自身物攻等级不为1则置于1级，将威力伤害的30%回复给自身。\n\n    ​当自身技能剩余pp总数≥15时回复其他技能中pp最少的技能2pp。\n\n    若有多个技能pp一致且最低则优先回复技能位置靠前的。"
}