{
  "pet_name": "革凡普王",
  "keywords": [
    "分蛟落雁",
    "革凡普王",
    "临云之境",
    "侠志之境",
    "怀霜临云",
    "燕侠高志"
  ],
  "skill_info": {
    "priority": 10,
    "power": 120,
    "pp": 10,
    "type": "普通",
    "category": "物理"
  },
  "content": "技能：分蛟落雁\n本技能仅清除强化效果必中。\n\n技能实际威力=120+25*双方正负面强化项数，双方携带的相同项记为2；\n\n造成伤害后清除对手正面强化（非强制）。\n\n视情况追加效果：\n\n1.若我方无正负面强化，则令我方4回合内免疫驱逐效果，若自身在4回合内阵亡或换下，则此效果在本局战斗中对我方全体永久有效。\n\n2.若自身处于临云之境，则删除对手全体技能1pp并释放自身护盾，然后追加一段固伤并回复自身血量，固伤与回复量均为80+0.5*释放的护盾额度。\n\n3.若自身处于侠志之境，则删除对手威力技能1pp并强制清除对手正面强化，为自身与场下血量最低的队友回复精力。\n\n回复量=120+80*己方存活的普通系队友数，上限300。"
}