{
  "pet_name": "革凡普王",
  "keywords": [
    "怀霜临云",
    "革凡普王",
    "临云之境",
    "燕侠高志",
    "含光擘影",
    "分蛟落雁"
  ],
  "skill_info": {
    "priority": 15,
    "power": null,
    "pp": 6,
    "type": "普通",
    "category": "变化"
  },
  "content": "技能：怀霜临云\n净化自身，回复50%精力值。解除燕侠高志持续6回合的各种效果，然后赋予自身如下效果持续6回合：\n\n1.进入临云之境，强化含光擘影与分蛟落雁的技能效果；\n\n2.含光擘影与分蛟落雁的先手度+1；\n\n3.免疫异常状态与负面强化，提升35%威力伤害；\n\n4.每回合获得额度为 [100+100*对手正面强化项数+10*双方阵亡宠物数]的护盾，护盾额度每回合判定、每回合重置、每回合上限300。"
}