{
  "pet_name": "革凡普王",
  "keywords": [
    "燕侠高志",
    "革凡普王",
    "侠志之境",
    "怀霜临云",
    "含光擘影",
    "分蛟落雁",
	"革凡成圣"
  ],
  "skill_info": {
    "priority": 15,
    "power": null,
    "pp": 6,
    "type": "普通",
    "category": "变化"
  },
  "content": "技能：燕侠高志\n净化自身，回复 [50%*已损失血量+75*（1+普通系队友数）]的精力。\n\n解除怀霜临云持续6回合的各种效果，然后赋予自身如下效果持续6回合：\n\n1.进入侠志之境，强化含光擘影与分蛟落雁的技能效果；\n\n2.免疫异常状态；\n\n3.自身所受每段威力伤害减免 [60+20*己方普通系队友数]，每段最高减免120。\n\n4.增强血脉效果使pp删除量+1，本回合立即开始生效。"
}