{
  "pet_name": "革凡普王",
  "keywords": [
    "宵练飞雪",
    "革凡普王"
  ],
  "skill_info": {
    "priority": 11,
    "power": null,
    "pp": 6,
    "type": "普通",
    "category": "变化"
  },
  "content": "技能：宵练飞雪\n1.连续4回合攻击，每回合对敌方场上宠物造成20%*对手已损失血量的固伤与对场下 [0.05*自身物攻能力值+15*（自身物攻正面等级+1）] 的波及伤害。\n\n2.首回合令对手恐惧，恐惧失败则令对手后手治疗变为伤害；\n\n3.失去普通系5回合，免疫武系和神系技能的克制效果和破茧杀戮的特攻效果。"
}