{
  "pet_name": "钢铁加鲁鲁兽",
  "keywords": [
    "凯撒锐爪",
    "钢铁加鲁鲁兽"
  ],
  "skill_info": {
    "priority": 10,
    "power": 120,
    "pp": 10,
    "type": "冰",
    "category": "物理"
  },
  "content": "技能：凯撒锐爪\n提升自身1级双防强化（上限均3级）。\n\n对敌方全体造成(30+30*自身正面强化等级和)固伤（上限200）。\n\n若场上有天气/环境，则提升(25*自身正面强化等级和)威力（上限50）。"
}