{
  "pet_name": "钢铁加鲁鲁兽",
  "keywords": [
    "慈悲交错冷库",
    "钢铁加鲁鲁兽",
    "导弹",
    "鲍尔迪吹息"
  ],
  "skill_info": {
    "priority": 10,
    "power": 100,
    "pp": 10,
    "type": "冰",
    "category": "物理"
  },
  "content": "技能：慈悲交错冷库\n若自身存在“导弹”标记，则消耗自身(2*本技能累计使用次数)层“导弹”标记（不足则全部消耗；次数累计至3次后重新累计）。\n\n以上效果结算完毕，若自身仍有“导弹”标记，则消耗自身2层“导弹”标记（不足则全部消耗），追加(对手当前精力*0.15)固伤（上限120），删除对手全技能2PP。\n\n提升(30*本次实际消耗的“导弹”标记数)威力，并将威力伤害平均分为(本次实际消耗的“导弹”标记数*1)段等量威力伤害。\n\n*“导弹”标记上限30层，全局有效。"
}