{
  "pet_name": "钢铁加鲁鲁兽",
  "keywords": [
    "钢铁守护",
    "钢铁加鲁鲁兽",
    "导弹",
    "加鲁鲁战斧导弹"
  ],
  "skill_info": {
    "priority": 15,
    "power": null,
    "pp": 6,
    "type": "机械",
    "category": "变化"
  },
  "content": "技能：钢铁守护\n净化自身异常与负面，回复自身(自身最大精力*0.6)精力。\n\n免疫异常并召唤铁壁环境均持续6回合，回合内自身主动使用技能结算完毕后，若对手精力为0则赋予自身6层“导弹”标记与1层“加鲁鲁战斧导弹”标记。\n\n*“导弹”标记上限30层，“加鲁鲁战斧导弹”标记上限3层，全局有效。"
}