{
  "pet_name": "钢铁加鲁鲁兽",
  "keywords": [
    "绝对冷冻气",
    "钢铁加鲁鲁兽",
    "加鲁鲁战斧"
  ],
  "skill_info": {
    "priority": 11,
    "power": null,
    "pp": 8,
    "type": "冰",
    "category": "变化"
  },
  "content": "技能：绝对冷冻气\n召唤冰雹天气6回合，回复自身“加鲁鲁战斧”技能1PP。\n\n冰冻对手，被免疫则有以下效果：\n\n①造成(对手最大精力*0.25)固伤（上限200），回复自身等量精力；\n\n②令对手每次造成的固伤减少50持续5回合（任一方换下失效），若自身未携带“加鲁鲁战斧”技能或“加鲁鲁战斧”技能无法被回复，则改为令对手每次造成的任意伤害减少90持续6回合（任一方换下失效）。"
}