{
  "pet_name": "钢铁加鲁鲁兽",
  "keywords": [
    "加鲁鲁战斧",
    "钢铁加鲁鲁兽",
    "导弹",
    "加鲁鲁战斧导弹",
    "绝对冷冻气"
  ],
  "skill_info": {
    "priority": 11,
    "power": 120,
    "pp": 10,
    "type": "机械",
    "category": "物理"
  },
  "content": "技能：加鲁鲁战斧\n以下效果均在命中后生效，若自身存在“加鲁鲁战斧导弹”标记则必中。\n\n实际威力[基础威力*(1+对手已损精力/对手最大精力)]。\n\n若自身存在“导弹”标记，则消耗自身2层“导弹”标记（不足则全部消耗），回复自身120精力，令对手每次造成的威力伤害不超过(250-5*自身“导弹”标记数)持续5回合（任一方换下失效）。\n\n若自身存在“加鲁鲁战斧导弹”标记，则消耗自身1层“加鲁鲁战斧导弹”标记，令本次造成的威力伤害提升100%，删除对手最近使用技能4PP。\n\n*“导弹”标记上限30层，“加鲁鲁战斧导弹”标记上限3层，全局有效。"
}