{
  "pet_name": "钢铁加鲁鲁兽",
  "keywords": [
    "妖狐火焰",
    "钢铁加鲁鲁兽",
    "火焰"
  ],
  "skill_info": {
    "priority": 10,
    "power": 100,
    "pp": 15,
    "type": "火",
    "category": "物理"
  },
  "content": "技能：妖狐火焰\n以下效果均在命中后生效。\n\n赋予对手1层“火焰”标记（对手换下可清除），根据对手“火焰”标记触发效果：\n\n①标记数=1，烧伤对手，被免疫则追加(威力伤害*0.3)固伤；\n\n②标记数=2，倒置对手正面强化（非强制），必定暴击，删除对手上回合技能2PP；\n\n③标记数=3，清除对手“火焰”标记，驱逐对手，回复自身200精力。"
}