{
  "pet_name": "钢铁加鲁鲁兽",
  "keywords": [
    "鲍尔迪吹息",
    "钢铁加鲁鲁兽",
    "慈悲交错冷库"
  ],
  "skill_info": {
    "priority": 9,
    "power": 120,
    "pp": 10,
    "type": "光",
    "category": "物理"
  },
  "content": "技能：鲍尔迪吹息\n回复自身其他技能1PP，重置对手正面强化后降低对手1级物防强化（均非强制，若自身未携带“慈悲交错冷库”技能或“慈悲交错冷库”技能无法被回复则均改为强制）。\n\n令对手每次主动使用技能时受到80固伤持续5回合（任一方换下失效）。"
}