{
  "pet_name": "云举瑶鹿",
  "keywords": [
    "华彩若英",
    "云举瑶鹿",
    "灵气",
    "通灵形态"
  ],
  "skill_info": {
    "priority": 11,
    "power": 120,
    "pp": 12,
    "type": "光",
    "category": "魔法"
  },
  "content": "技能：华彩若英\n重置对方正面双攻强化（非强制）并删除对方全技能1pp，若对方上回合与本回合使用技能类型（仅区分变化和威力）相同则额外删除其全技能1pp。\n\n威力伤害后对对方场下造成（威力伤害*0.2，上限100）波及伤害，威力伤害前根据自身精力追加效果：\n\n①若自身精力比例>=75%，则减少自身[50+（当前精力-75%最大精力值）*0.45，上限120]精力追加相同固伤并将自身大于1级的魔攻强化置为1级（强制)后再攻击；\n\n②若自身精力比例<75%，将自身魔攻等级置为0（强制）再攻击且本次威力伤害提升40%并回复己方场下存活队友[50+（75%最大精力值-当前精力值）*0.15]精力。\n\n*处于通灵形态时：清除场上环境（不包括“无天气环境”与天气，最多清除成功3次)"
}