{
  "pet_name": "云举瑶鹿",
  "keywords": [
    "远举云中",
    "云举瑶鹿",
    "灵气",
    "通灵形态",
    "极横四海"
  ],
  "skill_info": {
    "priority": 11,
    "power": null,
    "pp": 10,
    "type": "翼",
    "category": "变化"
  },
  "content": "技能：远举云中\n连续2回合发动技能：\n\n①首回合：回复自身除极横四海、远举云中技能外最近使用技能1pp并闪避敌方后手非必中技能，若自身上回合使用威力技能则删除对方威力技能2pp，反之（包括未使用技能）则删除其变化技能2pp；净化自身异常并免疫异常状态2回合，若场上存在任意天气（不包括锁定的无天气环境）则召唤疾风天气5回合；重置自身正负面强化（强制），回复自身30%已损精力值后对敌方追加（80+敌方已损精力值*0.1，上限120）的固伤，若自身先手则对自身追加（80+敌方已损精力值*0.1）的固伤。\n\n②次回合：追加（对方已损精力*0.2，上限120）的固定伤害。"
}