{
  "pet_name": "云举瑶鹿",
  "keywords": [
    "日月齐光",
    "云举瑶鹿",
    "灵气",
    "通灵形态"
  ],
  "skill_info": {
    "priority": 14,
    "power": null,
    "pp": 6,
    "type": "光",
    "category": "变化"
  },
  "content": "技能：日月齐光\n净化自身并回复自身50%最大精力值精力，回复后若自身精力比例>=75%则对自身造成（10+自身已损失精力值*0.2）的固伤，否则（<75%）再回复100点精力值。\n\n免疫异常和负面并召唤曙光天气均持续6回合，回合内自身先手时对方精力回复效果降低30%持续1回合。"
}