{
  "pet_name": "云举瑶鹿",
  "keywords": [
    "极横四海",
    "云举瑶鹿",
    "灵气",
    "通灵形态",
    "远举云中"
  ],
  "skill_info": {
    "priority": 9,
    "power": 100,
    "pp": 10,
    "type": "翼",
    "category": "魔法"
  },
  "content": "技能：极横四海\n威力非必中，效果必中。\n\n若对方免疫部分控制类异常（睡眠、冰冻、恐惧）则删除对方上回合使用技能3pp并额外回复自身除本技能外其他技能1PP，若对方不免疫以上控制类异常（任一即可）则删除对方本回合使用技能类型各4PP，免疫异常状态3回合并回复自身全技能1PP。\n\n根据自身精力比例追加效果：\n\n①若自身精力比例<75%，将自身魔攻等级置为0（强制）再攻击并且本次威力伤害提升（已损精力值比例）*70%；\n\n②若自身精力比例>=75%，则减少自身[50+（当前精力-75%最大精力值）*45%，上限120]精力并对敌方追加相同固伤并将自身魔攻强化置为1级（强制）后再攻击（最高1级）。"
}