{
  "pet_name": "混沌石王",
  "keywords": [
    "裂石摧坚",
    "混沌石王",
    "防御姿态",
    "攻击姿态",
    "磐岩坚壁",
    "破云穿空",
    "孤壑分疆"
  ],
  "skill_info": {
    "priority": 13,
    "power": null,
    "pp": 1,
    "type": "石",
    "category": "变化"
  },
  "content": "技能：裂石摧坚\n本技能PP免疫删除，仅可被“磐岩坚壁”技能回复。\n\n终止自身“磐岩坚壁”技能所有效果。\n\n净化自身异常，回复自身1/3最大精力，倒置自身负面，将自身低于3级的速度强化置于3级。\n\n若自身“磐岩坚壁”技能不为0，则2回合内自身受到威力伤害时造成(受到的威力伤害*1)固伤（自身每次上场最多触发1次）；\n\n若自身“磐岩坚壁”技能为0且自身技能PP值不全为0，则回复自身“磐岩坚壁”技能1PP。\n\n免疫异常与负面5回合，回合内自身造成的威力伤害提升30%，“破云穿空”与“孤壑分疆”的先手值加2。\n\n*自身不处于“裂石摧坚”技能回合内，称为“防御姿态”；自身处于“裂石摧坚”技能回合内，称为“攻击姿态”。"
}