{
  "pet_name": "混沌石王",
  "keywords": [
    "磐岩坚壁",
    "混沌石王",
    "防御姿态",
    "攻击姿态",
    "裂石摧坚"
  ],
  "skill_info": {
    "priority": 15,
    "power": null,
    "pp": 2,
    "type": "石",
    "category": "变化"
  },
  "content": "技能：磐岩坚壁\n本技能PP免疫删除，仅可被“裂石摧坚”技能回复。\n\n终止自身“裂石摧坚”技能所有效果。\n\n净化自身异常与负面，将自身大于-3级的速度强化置于-3级，回复自身(自身最大精力*0.3)精力，召唤陨石天气6回合。\n\n若自身“裂石摧坚”技能不为0，则获得(自身最大精力*1)护盾（护盾持续2回合；自身每次上场最多触发1次）；\n\n若自身“裂石摧坚”技能为0且自身技能PP值不全为0，则回复自身“裂石摧坚”技能1PP。\n\n免疫异常5回合，回合内自身每次受到的伤害不超过150。\n\n*自身不处于“裂石摧坚”技能回合内，称为“防御姿态”；自身处于“裂石摧坚”技能回合内，称为“攻击姿态”。"
}