{
  "pet_name": "混沌石王",
  "keywords": [
    "金石鸣音",
    "混沌石王",
    "防御姿态",
    "攻击姿态",
    "碎岩",
    "裂石摧坚",
    "孤壑分疆"
  ],
  "skill_info": {
    "priority": 10,
    "power": 80,
    "pp": 10,
    "type": "石",
    "category": "物理"
  },
  "content": "技能：金石鸣音\n回复精力与对手存在“碎岩”标记时的删PP效果必中，其他效果与伤害非必中。\n\n连续3回合发动技能。\n\n每回合：\n\n若自身处于防御姿态，则删除对手全技能1PP，回复我方全体存活宠物(30*自身负面强化等级和)精力（下限60）；\n\n若自身处于攻击姿态，则提升(25*自身正面强化项数)威力。\n\n若对手不存在“碎岩”标记，则降低对手1级物防强化（非强制）再造成伤害，降低失败则令本技能下一次发动必中且提升20威力（不连续生效）；\n\n若对手存在“碎岩”标记，则删除对手全技能1PP。\n\n首回合额外：\n\n令对手恐惧。\n\n*自身不处于“裂石摧坚”技能回合内，称为“防御姿态”；自身处于“裂石摧坚”技能回合内，称为“攻击姿态”。"
}