{
  "pet_name": "混沌石王",
  "keywords": [
    "破云穿空",
    "混沌石王",
    "防御姿态",
    "攻击姿态",
    "磐岩坚壁",
    "裂石摧坚"
  ],
  "skill_info": {
    "priority": 9,
    "power": 90,
    "pp": 12,
    "type": "石",
    "category": "物理"
  },
  "content": "技能：破云穿空\n若本回合我方先手，则提升自身1级物攻强化再造成威力伤害；\n\n若本回合我方后手，追加（自身已损精力*0.5）的固伤；若本技能使用后PP不为0，则回复自身除“磐岩坚壁”与“裂石摧坚”外的技能1PP。\n\n若场上为陨石天气，则对敌方场下当前精力最高宠物造成(威力伤害*1)波及伤害（上限240）；\n\n若场上不为陨石天气，则删除对手最近使用技能2PP。\n\n若自身处于防御姿态，则造成伤害后降低自身1级速度强化。\n\n*自身不处于“裂石摧坚”技能回合内，称为“防御姿态”；自身处于“裂石摧坚”技能回合内，称为“攻击姿态”。"
}