{
  "pet_name": "混沌石王",
  "keywords": [
    "孤壑分疆",
    "混沌石王",
    "防御姿态",
    "攻击姿态",
    "碎岩",
    "裂石摧坚",
    "金石鸣音"
  ],
  "skill_info": {
    "priority": 9,
    "power": null,
    "pp": 12,
    "type": "石",
    "category": "变化"
  },
  "content": "技能：孤壑分疆\n造成(40+0.5*计算强化的双方速度值差的绝对值)固伤（对boss固定200）。\n\n若计算强化的自身速度值低于对手则追加60固伤（对boss无效）。\n\n赋予对手“碎岩”标记3回合，令对手使用非石系技能额外消耗1PP持续3回合（回合内自身换下则效果持续至对手也换下）。\n\n若自身处于防御姿态，则重置对手正面强化（强制），删除对手(重置的正面强化等级和*1)PP（上限3）；\n\n若自身处于攻击姿态，则追加(30*自身正负面强化绝对值和)固伤（上限180）。\n\n*自身不处于“裂石摧坚”技能回合内，称为“防御姿態”；自身处于“裂石摧坚”技能回合内，称为“攻击姿态”。"
}