{
  "pet_name": "耀阳土王",
  "keywords": [
    "地爆天星",
    "耀阳土王",
    "圣辉地焰",
    "曜阳颂"
  ],
  "skill_info": {
    "priority": 12,
    "power": null,
    "pp": 8,
    "type": "土",
    "category": "变化"
  },
  "content": "技能：地爆天星\n所有效果必中。\n\n5回合内自身受到的非神系克制伤害时无视对手25%双攻能力值（自身换下失效），对方使用技能额外消耗1pp。\n\n连续5回合发动技能，后续回合若对方场上宠物编号与首回合不一致，则获得30%的威力输出增益5回合（疑似失效）。\n\n每回合赋予对方1个标记（最多5个，对方换下失效），吸取对方（50+5*标记数+10*自身空pp技能数）精力。\n\n首回合额外效果：\n\n净化自身异常与负面并获得3回合异常免疫，净化成功则额外回复30精力并回复本技能1pp。\n\n若对方携带草/冰/水/神水/神火/神草系则获得一回合闪避。\n\n若曜阳颂pp为0则额外闪避对方后手非必中技能。\n\n*注：战斗信息可能提示“可惜没有命中”，不影响本技能实际效果，但可能触发部分技能“闪避成功”的判定。"
}