{
  "pet_name": "耀阳土王",
  "keywords": [
    "耀阳颂",
    "耀阳土王",
    "圣辉地焰",
    "地爆天星"
  ],
  "skill_info": {
    "priority": 15,
    "power": null,
    "pp": 1,
    "type": "土",
    "category": "变化"
  },
  "content": "技能：耀阳颂\n本技能pp免疫删除且不可回复。\n\n净化自身异常与负面强化，免疫对方后手任意伤害。\n\n回复自身全部精力与其他技能5pp。\n\n免疫负面强化2回合，永久免疫异常状态。"
}