{
  "pet_name": "耀阳土王",
  "keywords": [
    "混天沌地",
    "耀阳土王",
    "辉月土王",
    "曜阳颂"
  ],
  "skill_info": {
    "priority": 12,
    "power": null,
    "pp": 8,
    "type": "土",
    "category": "变化"
  },
  "content": "技能：混天沌地\n回复自身50%已损精力，免疫异常状态5回合，召唤沃土环境6回合。\n\n根据使用者追加效果：\n\n辉月土王：\n\n回复自身除地动山摇外的技能（自身物攻强化等级绝对值）pp，上限为3。\n\n召唤环境成功则5回合内自身造成的威力伤害提高30％，召唤失败则回复本技能1pp。\n\n耀阳土王：\n\n额外免疫负面强化5回合。\n\n净化自身异常与负面强化，净化成功则回复自身除曜阳颂及我方场下辉月土王全体技能1pp。\n\n召唤环境失败则回复自身除本技能与曜阳颂外pp最少的技能2pp（相等则优先回复靠左技能）。"
}