{
  "pet_name": "耀阳土王",
  "keywords": [
    "地动山摇",
    "耀阳土王",
    "辉月土王",
    "圣辉地焰",
    "曜阳颂"
  ],
  "skill_info": {
    "priority": 9,
    "power": null,
    "pp": 5,
    "type": "土",
    "category": "变化"
  },
  "content": "技能：地动山摇\n所有效果必中。\n\n恐惧对方并根据使用者追加效果：\n\n辉月土王：\n\n回复星月吟2pp。\n\n恐惧被免疫则回复自身10%最大精力与其他技能1pp持续3回合。\n\n耀阳土王：\n\n5回合内圣辉地焰部分威力伤害波及敌方场下，若曜阳颂pp不为0或未携带曜阳颂则比例为50%，曜阳颂pp为0则为30%。\n\n恐惧被免疫且自身技能pp不全为0则回复本技能1pp。\n\n*注：战斗信息可能提示“可惜没有命中”，不影响本技能实际效果，但可能触发部分技能“闪避成功”的判定。"
}