{
  "pet_name": "耀阳土王",
  "keywords": [
    "圣辉地焰",
    "耀阳土王",
    "辉月土王",
    "地爆天星",
    "曜阳颂",
    "仇恨标记"
  ],
  "skill_info": {
    "priority": 11,
    "power": 100,
    "pp": 10,
    "type": "土",
    "category": "魔法"
  },
  "content": "技能：圣辉地焰\n本技能实际威力=100+20*地爆天星标记数。\n\n召唤沃土环境6回合，召唤成功则回复自身除曜阳颂外的首格技能1pp，否则删除对方全体技能1pp。\n\n若曜阳颂pp不为0或未携带曜阳颂，造成伤害后回复自身（威力伤害*0.4）点精力，强制清除对方正面强化并删除对方全体技能（清除的正面强化等级）pp，回复自身除曜阳颂及我方辉月土王全体技能（清除的正面强化等级/2）pp，pp回复量向上取整，pp删除量及回复量上限均为3。\n\n若曜阳颂pp为0则必定暴击，造成伤害后回复自身（威力伤害*0.2）点精力。\n\n若对方存在仇恨标记或我方场下辉月土王阵亡且携带任意异常或负面，造成9999点斩杀伤害后解除仇恨标记并净化阵亡辉月土王的异常与负面。"
}