{
  "pet_name": "虹霞翼虫",
  "keywords": [
    "凌波弄影",
    "虹霞翼虫",
    "起舞",
    "跳珠撼玉"
  ],
  "skill_info": {
    "priority": 8,
    "power": null,
    "pp": 9,
    "type": "虫系",
    "category": "变化"
  },
  "content": "技能：凌波弄影\n连续4回合发动技能，回合内自身免疫异常。\n\n首回合：\n\n①净化自身异常，令对手睡眠；\n\n②若自身存在“起舞”标记（赋予自身“起舞”标记前执行），则清除自身“起舞”标记，闪避对手后手非必中技能。\n\n前3回合每回合：\n\n①赋予自身1层“起舞”标记，回复自身(自身“起舞”标记数*1)精力；\n\n②造成(自身不计强化速度值*0.2+20*自身“起舞”标记数)固伤（上限150），回复自身等量精力；\n\n③删除对手当前PP最多的技能(3-自身“起舞”标记数)PP（靠左优先；排除免删类技能），回复自身其他技能中PP最少的技能等量PP（靠左优先）；\n\n④令自身下回合技能先手值加(自身起舞标记数*1)。\n\n第4回合：\n\n①清除自身“起舞”标记；\n\n②本回合双方技能结算完毕后，驱逐自身，赋予我方下一只上场宠物(50*我方场下存活宠物数)护盾。\n\n*“起舞”标记上限3层，自身换下失效。"
}