{
  "pet_name": "虹霞翼虫",
  "keywords": [
    "虹裳蜉羽",
    "虹霞翼虫",
    "起舞"
  ],
  "skill_info": {
    "priority": 12,
    "power": null,
    "pp": 7,
    "type": "虫系",
    "category": "变化"
  },
  "content": "技能：虹裳蜉羽\n净化自身异常与负面，回复自身350精力。\n\n若场上有天气/环境，则清除场上天气/环境，回满本技能PP值，回复我方场下存活宠物[10*(本技能基础先手值+自身“起舞”标记数)]精力。\n\n若连续主动使用本技能，则删除本技能(连续使用次数-1)PP。\n\n免疫异常与负面5回合，回合内有以下效果：\n\n①自身受到的任意伤害降低25%；\n\n②每回合主动使用技能结算完毕后，若自身先手则提升自身1级物攻强化，否则提升自身1级速度强化（上限均为4级）。\n\n③自身受到＞200的伤害后，获得80护盾（可叠加，上限160）。"
}