{
  "pet_name": "虹霞翼虫",
  "keywords": [
    "应律和鸣",
    "虹霞翼虫",
    "起舞"
  ],
  "skill_info": {
    "priority": 9,
    "power": 100,
    "pp": 13,
    "type": "虫系",
    "category": "物理"
  },
  "content": "技能：应律和鸣\n以下效果均在命中后生效。\n\n提升(15*自身“起舞”标记数)威力。\n\n删除对手全技能1PP。\n\n若对手上回合使用的是威力技能，则造成[威力取(对手上回合技能基础威力值*0.5)，波动系数取1的无属性物理伤害]固伤（上限120），若对手本回合使用的仍是威力技能则固伤加倍（上限240）；\n\n若对手上回合使用的是变化技能，则删除对手变化技能1PP，若对手本回合使用的仍是变化技能则额外删除对手威力技能1PP。"
}