{
  "pet_name": "虹霞翼虫",
  "keywords": [
    "跳珠撼玉",
    "虹霞翼虫",
    "起舞",
    "凌波弄影"
  ],
  "skill_info": {
    "priority": 10,
    "power": 120,
    "pp": 11,
    "type": "虫系",
    "category": "物理"
  },
  "content": "技能：跳珠撼玉\n若自身处于“凌波弄影”技能回合内，则提升[15*(4-自身“起舞”标记数)]威力，免疫对手后手施加的异常，终止“凌波弄影”技能所有效果，清除自身“起舞”标记；\n\n若自身不处于“凌波弄影”技能回合内，则重置对手正面双攻强化（强制）。\n\n若本回合我方先手，则追加(30*自身物攻正面强化等级)固伤（下限30，上限60）并造成（威力伤害*0.3，上限60）波及伤害；\n\n若本回合我方后手，则追加(30*自身物攻与速度正面强化等级和)固伤（下限60，上限120）并回复自身首格技能2PP。\n\n若对手处于睡眠异常，则必定暴击。"
}