{
  "pet_name": "蓝漪水灵",
  "keywords": [
    "沉璧翠微",
    "蓝漪水灵",
    "雪浪琼觞"
  ],
  "skill_info": {
    "priority": 8,
    "power": null,
    "pp": 6,
    "type": "水",
    "category": "变化"
  },
  "content": "技能：沉璧翠微\n删除对方全体技能 [1+n/2] pp（向下取整）。\n\n若对方处于睡眠状态则驱逐对方。\n\n若对方不处于睡眠状态则催眠对方。催眠成功则提升自身1级魔攻和速度；催眠失败则造成一段额度为 [(10+5n)%*对手最大精力] 的固伤并清除对方强化（非强制）。\n\nn为雪浪琼觞当前pp值。\n\n上述效果结算完毕后回复雪浪琼觞1pp。"
}