{
  "pet_name": "蓝漪水灵",
  "keywords": [
    "涸泽引泉",
    "蓝漪水灵",
    "雪浪琼觞"
  ],
  "skill_info": {
    "priority": 9,
    "power": null,
    "pp": 8,
    "type": "水",
    "category": "变化"
  },
  "content": "技能：涸泽引泉\n回复自身25%最大精力。\n\n为己方全体队友回复精力 [8*(5-n)%*自身最大精力] ，对敌方场下所有宠物造成伤害 [4*(5-n)%*自身最大精力]。\n\nn为雪浪琼觞当前pp值。\n\n若本回合自身未受到先手伤害，则对队友的回复量变为1.5倍。\n\n若雪浪琼觞pp为0，则回复自身其他技能（含雪浪琼觞）1pp。\n\n上述效果结算完毕后回复雪浪琼觞1pp。"
}