{
  "pet_name": "蓝漪水灵",
  "keywords": [
    "水镜青云",
    "蓝漪水灵",
    "雪浪琼觞"
  ],
  "skill_info": {
    "priority": 11,
    "power": 80,
    "pp": 12,
    "type": "水",
    "category": "魔法"
  },
  "content": "技能：水镜青云\n此技能实际威力为80+25n+50*自身速度等级。\n\n若对方不携带有草、电、龙中的任意一个属性则召唤阴雨天气6回合再造成伤害。\n\n若对方携带有草、电、龙中的任意一个属性且n=0，则清除场上除阴雨和星云外的天气环境再造成伤害。\n\n若对方处于睡眠状态，则提升1级魔攻与速度再造成伤害（但提升的速度在下一次攻击才会计入威力公式），然后回满雪浪琼觞pp值，并获得2回合异常免疫。\n\nn为雪浪琼觞当前pp值。\n\n上述效果结算完毕后回复雪浪琼觞1pp。"
}