{
  "pet_name": "海芙约忒",
  "keywords": [
    "净化",
    "海芙约忒"
  ],
  "skill_info": {
    "priority": 9,
    "power": 80,
    "pp": 5,
    "type": "水",
    "category": "魔法"
  },
  "content": "技能：净化\n命中后删除对方全体技能2pp，回复自身[自身最大精力*(0.03+0.015*实际删除的pp数量)]的精力。（ps：净化不会受到碧水惊秋对天河夜转群删上限的影响，和碧水惊秋额外删除pp同时触发时可以达成删除全体3pp的效果，但是因为技能本身太弱所以海芙约忒一般不考虑携带）"
}