{
  "pet_name": "海芙约忒",
  "keywords": [
    "飞星浮渡",
    "海芙约忒",
    "乘胜",
    "怒气",
    "渊云点墨",
    "叠嶂扶影"
  ],
  "skill_info": {
    "priority": 10,
    "power": 110,
    "pp": 12,
    "type": "神水",
    "category": "魔法"
  },
  "content": "技能：飞星浮渡\n自身处于乘胜状态时必中，以下效果均在命中后生效：\n\n提升（怒气值*0.25）威力。\n\n召唤海市蜃楼环境3回合并回复渊云点墨和叠嶂扶影各1pp，\n\n召唤失败时pp回复量+1并使对方在4回合内使用技能时额外消耗1pp。\n\n删除敌方最近使用的技能3pp，若实际回复pp之和≥2则删除量+1并获得50点怒气值。\n\n//实际回复pp之和≥2包括“同时携带了渊云点墨和叠嶂扶影”和“仅携带其一但召唤海市蜃楼失败”两种情况。"
}