{
  "pet_name": "海芙约忒",
  "keywords": [
    "渊云点墨",
    "海芙约忒",
    "怒气",
    "战意",
    "霞姿月韵",
    "飞星浮渡"
  ],
  "skill_info": {
    "priority": 12,
    "power": null,
    "pp": 8,
    "type": "神水",
    "category": "变化"
  },
  "content": "技能：渊云点墨\n所有效果必中。\n\n净化自身异常，消耗自身100点怒气值（若不足100则全部消耗），回复自身（100+实际消耗的怒气值）精力。\n\n5回合内降低对方20%的治疗效果，自身免疫异常且每回合首次受到伤害时先回复（实际消耗的怒气值）精力再结算伤害。\n\n若消耗的怒气值≥50，则5回合内自身使用威力技能攻击神水/神草系宠物时先将对方≥0的魔抗置于-1级再造成伤害，攻击其他系别的宠物时本次威力伤害提升(10%+自身怒气值*0.05%)（上限20%）;\n\n若消耗的怒气值=100，则获得2层战意，回复霞姿月韵1pp并删除对方全技能2pp。\n\n*注：战斗信息可能提示“可惜没有命中”，不影响本技能实际效果，但可能触发部分技能“闪避成功”的判定。"
}