{
  "pet_name": "海芙约忒",
  "keywords": [
    "天河夜转",
    "海芙约忒",
    "怒气",
    "碧水惊秋"
  ],
  "skill_info": {
    "priority": 10,
    "power": 120,
    "pp": 12,
    "type": "神水",
    "category": "魔法"
  },
  "content": "技能：天河夜转\n提升（0.3*对方护盾额度）威力（上限60）。\n\n若对方当前精力值≥我方则汲取对方（60+自身怒气值*0.2）精力回复自身再造成威力伤害，否则回复自身其它技能1pp。\n\n删除对方全体技能1pp，若本回合受到先手伤害则额外删除全体技能1pp。\n\n以上效果结算完毕后，若自身当前精力值≤50%则回复所有pp耗尽的技能1pp。"
}