{
  "pet_name": "海芙约忒",
  "keywords": [
    "叠嶂扶影",
    "海芙约忒",
    "飞星浮渡"
  ],
  "skill_info": {
    "priority": 11,
    "power": 80,
    "pp": 10,
    "type": "神水",
    "category": "魔法"
  },
  "content": "技能：叠嶂扶影\n威力伤害与固伤非必中，其余效果均必中。\n冰冻对方。\n1、冰冻失败；\n2、场上不处于海市蜃楼环境或阴雨天气。\n满足1、2中任意一个条件时召唤阴雨天气3回合；同时满足1、2两个条件时记录对方后手对我方施加的异常并将之转移给对方下一只登场宠物（对方更换宠物前无法再次记录）。\n使自身下一次受到的威力伤害变为0，若对方本回合后手立即触发此效果则记录该威力技能的面板威力，自身下一次使用本技能时按魔法伤害计算公式追加一段固伤，公式中威力即取所记录的威力，克制系数按神水系计算，波动系数取0.8~1。\n若连续使用本技能则删除本技能(连续使用次数-1)pp。"
}