{
  "pet_name": "海芙约忒",
  "keywords": [
    "霞姿月韵",
    "海芙约忒",
    "碧水惊秋",
    "凌虚含烟",
    "渊云点墨"
  ],
  "skill_info": {
    "priority": 15,
    "power": null,
    "pp": 6,
    "type": "神水",
    "category": "变化"
  },
  "content": "技能：霞姿月韵\n净化自身异常和负面并回复60%最大精力，召唤海市蜃楼环境6回合。6回合内：\n\n①自身免疫异常且在海市蜃楼环境下受到的固定伤害降低50点。\n\n②使非神水系宠物在海市蜃楼环境下行动时受到的固定伤害提升至75。\n\n③自身主动使用威力技能后若自身选择的是碧水惊秋血脉则追加（对方当前精力*0.15）点固伤，若是凌虚寒烟血脉则追加（自身已损精力*0.25)点固伤（两种情况固伤均为下限40、上限120)。\n\n④首回合若对方处于睡眠状态则解除其睡眠状态并回复自身全体技能2pp；非首回合时若自身除本技能外(上回合技能pp总数-当回合技能pp总数)≥6则回复自身全体技能1pp。"
}