{
  "pet_name": "西塔尔",
  "keywords": [
    "风烟尘晚",
    "西塔尔",
    "自然元素"
  ],
  "skill_info": {
    "priority": 13,
    "power": null,
    "pp": 6,
    "type": "土",
    "category": "变化"
  },
  "content": "技能：风烟尘晚\n本技能pp免疫删除且不可回复。\n净化自身异常与负面强化，回复自身(100*双方携带技能不同系别数+50*自身土印记层数)精力（上限1000）。\n8回合内免疫异常与负-面强化，自身受到的任意伤害降低(20+5*首回合土印记层数+10*后续回合使用的不同系别技能数)%（上限50%）。"
}