{
  "pet_name": "破晓凯瑞尔",
  "keywords": [
    "曦光霁曙",
    "破晓凯瑞尔",
    "觉醒",
    "灼霞",
    "流辉",
    "云涛晓雾"
  ],
  "skill_info": {
    "priority": 15,
    "power": null,
    "pp": 1,
    "type": "光",
    "category": "变化"
  },
  "content": "技能：曦光霁曙\n本技能PP免疫删除且不可回复。\n\n净化自身回复全部精力，重置自身所带正负面强化，回复满其他技能pp，永久免疫异常状态与负面强化，清除场上天气环境，免疫威力伤害1回合。\n技能效果持续期间（若未主动退出则永久），令灼霞先制等级改变为+3，并改变灼霞与流辉的技能效果。\n若在觉醒期间主动使用云涛晓雾，将清除本技能的全部效果并解除觉醒状态。"
}