{
  "pet_name": "破晓凯瑞尔",
  "keywords": [
    "流辉",
    "破晓凯瑞尔",
    "觉醒",
    "曦光霁曙",
    "灼霞"
  ],
  "skill_info": {
    "priority": 11,
    "power": 110,
    "pp": 12,
    "type": "光",
    "category": "物理"
  },
  "content": "技能：流辉\n觉醒前：将自身负面强化倒置后提升一级物攻（强化上限为2级）再造成伤害。\n追加一段额度为0.08*对方最大精力的固伤，若对方无正负面强化则固伤系数增加至0.18。\n造成伤害后清除对方正负面强化（非强制）。\n觉醒后：必定暴击，且实际威力表现为165+30n+70m。先清除场上天气与环境，重置自身正面与负面强化，再强制倒置对方正面强化后造成伤害。\n造成伤害后回复自身额度为25%*所造成威力伤害的精力，获得1回合30%威力伤害减免（我方换下失效）。\n删除对方全体技能1pp，若对方存在负面强化（先倒置再判定）或成功清除场上天气环境则令pp删除量提升至2。\nn为自身pp为0的技能数，m为对方除物防外负面强化等级数且上限为6。"
}