{
  "pet_name": "破晓凯瑞尔",
  "keywords": [
    "云涛晓雾",
    "破晓凯瑞尔",
    "觉醒",
    "曦光霁曙"
  ],
  "skill_info": {
    "priority": 15,
    "power": null,
    "pp": 5,
    "type": "光",
    "category": "变化"
  },
  "content": "技能：云涛晓雾\n连续5回合发动技能。\n首回合净化自身，改变场上天气为曙光6回合，回复40%最大精力，5回合内免疫异常，闪避后手非必中技能。若自身存在护盾则回复量降低至25%。\n获得额度为120，每回合刷新的护盾，持续5回合。\n后续4回合内判定自身是否处于觉醒状态中：\n若否，每回合吸取对方10%精力用以回复自身，若首回合召唤曙光失败则吸取量提升至15%。\n若是，每回合恢复自身20%精力与除觉醒外全体技能1pp。"
}