{
  "pet_name": "破晓凯瑞尔",
  "keywords": [
    "灼霞",
    "破晓凯瑞尔",
    "觉醒",
    "曦光霁曙",
    "流辉"
  ],
  "skill_info": {
    "priority": 8,
    "power": null,
    "pp": 8,
    "type": "光",
    "category": "变化"
  },
  "content": "技能：灼霞\n所有效果必中。\n\n连续三回合发动技能，根据自身是否处于觉醒状态触发不同效果。\n觉醒前：首回合诅咒对方并改变天气为曙光6回合，删除全体技能2pp，诅咒失败则回复觉醒与本技能外的其他技能1pp。后续2回合内删除对方全体技能1pp，若首回合诅咒成功则使pp删除量提升至2。\n觉醒后：连续3回合将对方小于1的物防等级置于1。首回合额外恐惧对方，若对手免疫恐惧则回复我方流辉1pp，后续两回合在赋予物防后追加一段额度为15（n+1）的固伤并给予自身2倍回复。n为对方正负面强化项数。"
}