{
  "pet_name": "谟玛乌图",
  "keywords": [
    "泰山压顶",
    "谟玛乌图"
  ],
  "skill_info": {
    "priority": 10,
    "power": 120,
    "pp": 12,
    "type": "土",
    "category": "物理"
  },
  "content": "技能：泰山压顶\n以下效果均在命中后生效。\n\n本技能实际威力=120+50*自身正面强化等级总和（上限420）。\n\n造成威力伤害后追加一段（本技能威力伤害*0.3）的固伤。\n\n若对方无正面强化则删除对方全体技能2pp。\n\n若场上为沃土环境则回复自身20%最大精力。\n\n若场上不为沃土环境则对敌方场下造成（本技能威力伤害*0.3）的波及伤害。"
}