{
  "pet_name": "谟玛乌图",
  "keywords": [
    "慎刑",
    "谟玛乌图",
    "断狱",
    "衡平法则",
    "晓谕"
  ],
  "skill_info": {
    "priority": 12,
    "power": 120,
    "pp": 3,
    "type": "光",
    "category": "物理"
  },
  "content": "技能：慎刑\n实际威力为120*（1+对方已损精力/对方最大精力）。\n\n净化自身并免疫异常和负面4回合。\n\n回复断狱1pp（仅在除本技能和断狱外还有剩余pp时有效，若回复前其pp已满则置0）。\n\n回复自身25%精力，非连续使用时额外回复（0.5*本次造成的威力伤害）点精力（回复量上限300）。\n\n根据场上天气环境追加效果：\n\n①不存在任意天气环境时，召唤曙光天气3回合；\n\n②存在非曙光的天气时，将其改变为相等回合的曙光；\n\n③已经是曙光天气时，将其延长2回合。\n\n之后删除对方全体技能（曙光天气剩余回合数/3）pp（向下取整，上限3）。\n\n本技能pp值免疫删除，仅能被断狱和衡平法则血脉回复。"
}