{
  "pet_name": "谟玛乌图",
  "keywords": [
    "还仇",
    "谟玛乌图",
    "晓谕"
  ],
  "skill_info": {
    "priority": 9,
    "power": 135,
    "pp": 12,
    "type": "土",
    "category": "物理"
  },
  "content": "技能：还仇\n以下效果均在命中后生效，若自身当前精力低于对方则必中。\n\n实际威力为135+0.5*双方当前精力差（上限270）。\n\n令对方恐惧并删除其全体技能1pp。\n\n若对方存在双攻正面强化，则将自身物攻等级视为对方双攻中较高的一项等级计算伤害；\n\n若自身存在双抗负面强化，则将对方防御等级视为自身双抗中较低的一项等级计算伤害。\n\n若本回合未受到先手伤害且自身没有负面强化，则反弹（0.5*威力伤害）给自身（不致死）并删除自身全体技能1pp，若处于环境下，下次使用本技能时先手值-1（不连续生效）。\n\n若本回合受到先手伤害则额外删除对方全体技能1pp并回复本技能和晓谕各1pp（本技能pp为0时不回复本技能），若我方剩余精力低于对方则回复（双方当前精力差）点精力。\n\n若自身存在负面强化则净化自身负面并额外删除对方全体技能1pp。"
}