{
  "pet_name": "谟玛乌图",
  "keywords": [
    "断狱",
    "谟玛乌图",
    "慎刑",
    "衡平法则"
  ],
  "skill_info": {
    "priority": 15,
    "power": null,
    "pp": 3,
    "type": "土",
    "category": "变化"
  },
  "content": "技能：断狱\n净化自身并回复35%精力。\n\n回复慎刑1pp（仅在除本技能和慎刑外还有剩余pp时有效，若回复前其pp已满则置0）。\n\n免疫异常5回合，终止“免疫负面强化”效果。\n\n召唤沃土环境5回合。\n\n若对方本回合所用技能不为免疫删除类技能，则令此技能在5回合内无法被回复pp。\n\n/*此效果每次上场仅能触发一次，我方换下或重复使用本技能时解除。\n\n/*此效果持续期间当目标技能本应回复pp却成功被禁止回复时，回复自身（目标技能剩余pp数*5%*自身已损精力）点精力（上限为60%已损精力，我方剩余HP为0时不生效）。\n\n本技能pp值免疫删除，仅能被慎刑和衡平法则血脉回复。"
}