{
  "pet_name": "谟玛乌图",
  "keywords": [
    "晓谕",
    "谟玛乌图",
    "还仇",
    "慎刑",
    "衡平法则"
  ],
  "skill_info": {
    "priority": 10,
    "power": 90,
    "pp": 10,
    "type": "光",
    "category": "物理"
  },
  "content": "技能：晓谕\n本技能仅威力伤害非必中。\n\n连续发动本技能2回合。\n\n首回合：\n\n重置自身正负面强化（强制但不穿透锁强）后将自身物攻等级视为重置的正负面强化等级之和再造成伤害，记录当前场上环境。\n\n回复自身与本次威力伤害等额的精力。\n\n连续使用本技能偶数次时驱逐对方。\n\n若本场战斗中已累计触发3次驱逐效果，则自身永久进入失稳状态，此状态下受到敌方先手攻击时会被驱逐下场。\n\n后续回合:\n\n若当回合双方主动使用的技能类型相同（仅区分威力和变化）则额外发动1回合并提升（25*本轮额外发动回合数）威力（上限75），并再次执行“后续回合”的效果。\n\n末回合（双方主动使用的技能类型不同）：\n\n若场上存在与首回合一致的环境，则清除之并锁定为“无天气/环境”持续（本轮总计发动回合数）回合。\n\n若本轮总计发动回合数≥3，删除对方全体技能1pp并回复本技能2pp。"
}