{
  "pet_name": "螣岚",
  "keywords": [
    "魔龙斩",
    "螣岚",
    "灵引"
  ],
    "skill_info": {
    "priority": 11,
    "power": 120,
    "pp": 12,
    "type": "恶魔",
    "category": "物理"
  },
  "content": "技能：魔龙斩\n（1）威力伤害前召唤血月天气3回合，提升（20*相邻阵亡队友数）点威力，诅咒对手并删除对手最近使用技能3PP。\n\n（2）威力伤害前令对手各项正面强化降低一半（减半部分向下取整）；若自身出手前未受到伤害则强化1级物攻，否则威力伤害前将低于1级的物攻置于1级且威力伤害后追加（50%*威力伤害，上限150）点固伤。\n\n（3）威力伤害前根据对手当前灵引层数追加效果（可叠加）：\n\n● 层数≥3：PP删除量+1，强制重置对手正面强化；\n\n● 层数≥5：强制降低对手1级物防；\n\n● 层数=6：PP删除量再+1，额外强制降低对手1级物防。\n\n（44）以上效果结束后消耗对手一半的灵引（消耗部分向上取整）并给对手及其相邻队友造成（50+20*本次消耗的灵引层数）点固伤并为我方存活队友回复等量精力。\n\n*灵引全局有效，每只宠物上限6层。"
}