{
  "pet_name": "螣岚",
  "keywords": [
    "灵蛇噬",
    "螣岚",
    "灵引"
  ],
    "skill_info": {
    "priority": 9,
    "power": 135,
    "pp": 12,
    "type": "毒",
    "category": "魔法"
  },
  "content": "技能：灵蛇噬\n固伤必中，其余效果均在命中后生效，自身当前精力不高于对手时均必中。\n\n（1）提升（30%*自身已损精力，上限115）点威力，威力伤害后若处于瘴气环境追加（20+20%*对手已损精力，上限150）点固伤（必中）。\n\n（2）束缚对手并删除其全技能1PP，自身当前精力不高于对手时为对手叠加1层灵引。\n\n（3）若对手灵引层数≥3则回复自身100点精力，若回复后自身精力仍不高于对手则PP删除量+1且威力伤害前强化自身1级物攻。\n\n（4）威力伤害前若自身存在空PP技能则回复自身空PP技能1PP并召唤瘴气环境6回合，若原先空PP技能数≥2则额外为PP非空技能回复1PP。\n\n*灵引全局有效，每只宠物上限6层。"
}