{
  "pet_name": "螣岚",
  "keywords": [
    "永夜生",
    "螣岚",
    "灵引"
  ],
    "skill_info": {
    "priority": 12,
    "power": 40,
    "pp": 6,
    "type": "恶魔",
    "category": "魔法"
  },
  "content": "技能：永夜生\n威力伤害前净化自身，回复自身50%最大精力，并为PP值≤其50%最大PP值的其他威力技能回复1PP；召唤血月天气6回合，召唤失败则召唤瘴气环境6回合。\n\n免疫异常6回合，回合内根据自身在阵容中所处的位置获得伤害减免效果：\n\n● 位于1~3号位时，受到的威力伤害降低（25%+5%*对手灵引层数，上限40%）；\n\n● 位于4~6号位时，每次受到的任意伤害若大于自身已损精力的50%则将其降低（50+50%*自身已损精力）点（上限300），否则降低40点。\n\n*灵引全局有效，每只宠物上限6层。"
}