{
  "pet_name": "螣岚",
  "keywords": [
    "凋零术",
    "螣岚",
    "灵引"
  ],
    "skill_info": {
    "priority": 8,
    "power": null,
    "pp": 8,
    "type": "毒",
    "category": "变化"
  },
  "content": "技能：凋零术\n（1）召唤瘴气环境3回合，造成[对手当前精力*（10%+5%*对手灵引层数），上限300]点固伤。\n\n（2）使对手中剧毒，成功则回复自身全体技能2PP并禁止对手回复精力2回合（任一方换下失效）。\n\n（3）若出手前未受到伤害则强化自身1级物攻并删除对手全技能2PP。\n\n（4）清除敌方队友的所有灵引，清除成功时对本次被清除灵引的敌方宠物及其相邻宠物造成（50+20*该宠物被清除的灵引层数）点固伤，并为场上对手叠加（敌方队友被清除的灵引总数）层灵引。\n\n（5）对手灵引层数≥3时额外发动1回合，额外回合造成（70%*首回合固伤，上限150）点固伤。\n\n*灵引全局有效，每只宠物上限6层。"
}