{
  "pet_name": "螣岚",
  "keywords": [
    "暗陨灭",
    "螣岚",
    "灵引"
  ],
    "skill_info": {
    "priority": 10,
    "power": null,
    "pp": 8,
    "type": "恶魔",
    "category": "变化"
  },
  "content": "技能：暗陨灭\n连续发动技能3回合，主动使用必中，每回合独立判定命中，以下效果均在命中后生效。\n\n首回合：\n\n（1）令自身下次使用其他技能先手值+1（不叠加）；\n\n（2）恐惧对手，造成[对手最大精力值（8%+2%*对手灵引层数），上限150]点固伤并回复自身等量精力；\n\n（3）对手灵引层数≥3时回复自身其他技能1PP并令对手受到的威力伤害提升（25%+15%*对手超出3层的灵引层数）直至其换下；随后清除对手所有灵引，若对手存在正面强化则保留（1.5*对手正面强化等级总数，向上取整）层灵引但仍至少消耗1层。\n\n（4）清除敌方场下队友的所有灵引，清除成功时对本次被清除灵引的敌方宠物及其相邻宠物造成（50+20*该宠物被清除的灵引层数）点固伤，并为场上对手叠加（敌方队友被清除的灵引总数）层灵引。\n\n后续回合：造成（50+20*对手灵引层数，上限150）点固伤，若本次固伤击败对手则本场战斗自身造成的固伤永久提升25%（多次击败不叠加）。\n\n*灵引全局有效，每只宠物上限6层。"
}