{
  "pet_name": "噬元械龙",
  "keywords": [
    "铦钢刃",
    "噬元械龙",
	"充能机甲"
  ],
  "skill_info": {
    "priority": 10,
    "power": 90,
    "pp": 10,
    "type": "机械",
    "category": "物理"
  },
  "content": "技能：铦钢刃\n连续2回合发动技能，无天气环境时必中，每回合独立判定命中。\n\n首回合倒置负面、强化自身、回复pp效果；次回合重置自身强化（2024-01-30）效果必中，其余效果均在命中后生效。\n\n①首回合：技能实际威力为（90+10a）。令对方恐惧并令对方本回合所用技能后续3次使用无法命中（任意一方换下均不失效），倒置自身负面强化后提升1级物攻（上限4级）和速度。\n\n\u200b回复自身其他技能1pp，记录敌方场下全体的血量和；\n\n②次回合：实际威力为（90+10*自身正负面强化等级绝对值之和，上限160）。若对方场下宠物血量和较上回合有变化则提升1级物攻再造成伤害。\n\n造成伤害后强制重置自身正负面强化。"
}