{
  "pet_name": "噬元械龙",
  "keywords": [
    "融毁光",
    "噬元械龙",
	"充能机甲"
  ],
  "skill_info": {
    "priority": 9,
    "power": 100,
    "pp": 8,
    "type": "光",
    "category": "物理"
  },
  "content": "技能：融毁光\n连续2回合发动技能，无天气环境时必中，每回合独立判定命中。\n\n次回合重置自身强化（2024-01-30）效果必中，其余效果均在命中后生效。\n\n①每回合：删除对方上回合与本回合所用技能各1pp，回复自身上回合与本回合使用的技能各1pp。删除与回复效果在作用于同一技能时均不可叠加，且无法为自身pp为0的技能回复pp。\n\n②首回合：技能实际威力为（100+20b）。清除对方正面强化（非强制），倒置自身负面强化后提升1级物攻（上限4级），若对方不免疫迷惑则造成999固伤；\n\n③次回合：实际威力为（100+10*自身正负面强化等级绝对值之和，上限160）。若对方上回合与本回合场上宠物编号不一致则提升1级物攻再造成伤害。\n\n\u200b造成伤害后强制重置自身正负面强化。"
}