{
  "pet_name": "噬元械龙",
  "keywords": [
    "电浆雨",
	"充能机甲",
    "噬元械龙"
  ],
  "skill_info": {
    "priority": 11,
    "power": 80,
    "pp": 12,
    "type": "电",
    "category": "物理"
  },
  "content": "技能：电浆雨\n连续2回合发动技能。\n\n①每回合：若自身有任意异常状态，则净化之并吸取对方当前精力的50%回复自身。\n\n②首回合：实际威力为（80+5*自身正面强化等级数，上限100），删除对方全体技能1pp，回复自身（200+20a+40b-100*自身变化类技能数）精力（至少为0）；\n\n若净化异常成功，则额外删除对手全体技能1PP；\n\n若自身正面强化等级＜2降低对方1级防御，满足降防条件且降低失败则造成 100波及伤害。\n\n③次回合：实际威力为（80+15a+25b，上限200）。若敌方上回合与本回合所用技能一致或自身无任意正负面强化，则强化1级物攻并清除场上非雷暴的天气环境再造成伤害。"
}