{
  "pet_name": "噬元械龙",
  "keywords": [
    "黑炎铁壁",
    "噬元械龙"
  ],
  "skill_info": {
    "priority": 12,
    "power": null,
    "pp": 5,
    "type": "机械",
    "category": "变化"
  },
  "content": "技能：黑炎铁壁\n恢复自身30%最大精力。\n2回合内每回合刷新一个额度为（自身双防能力值之和*0.5）的护盾。\n护盾回合内（每回合只生效一次）：对方主动使用的技能结算完时，自身护盾额度降为0则提升自身2级物攻，否则删除对方使用的技能5pp（未删除pp不消耗次数）。"
}