{
  "pet_name": "噬元械龙",
  "keywords": [
    "电磁涡轮",
    "噬元械龙"
  ],
  "skill_info": {
    "priority": 10,
    "power": 120,
    "pp": 8,
    "type": "电",
    "category": "物理"
  },
  "content": "技能：电磁涡轮\n令对方后手治疗变为伤害（本技能miss时依然有效），若后手出招则本技能必中。\n\n若技能命中，则召唤铁壁环境6回合，召唤失败时删除对手最近使用的技能1pp，且若使用后本技能pp＜3则删除量+1。"
}