{
  "pet_name": "逆天玄武",
  "keywords": [
    "筮象",
    "逆天玄武"
  ],
  "skill_info": {
    "priority": 15,
    "power": null,
    "pp": 5,
    "type": "土",
    "category": "变化"
  },
  "content": "技能：筮象\n5回合内免疫恐惧、冰冻、催眠、迷惑、混乱、麻醉、束缚并令敌方无法驱逐我方(回合 内换下对我方全体有效)。\n\n根据自身状态额外施加的效果:\n\n若自身血量在50%以上且身上不存在异常状态：回复自身30%最大精力值，5回合内每次受到的伤害不超过(自身最大精力*0.25) ；\n\n​若自身血量在50%以下或身上存在异常状态：净化自身异常并回复自身(自身已损精力值*0.8)的精力，5回合内每次受到的伤害不超过(自身最大精力*0.2)。"
}