{
  "pet_name": "逆天玄武",
  "keywords": [
    "探赜",
    "逆天玄武"
  ],
  "skill_info": {
    "priority": 10,
    "power": 120,
    "pp": 10,
    "type": "恶魔",
    "category": "魔法"
  },
  "content": "技能：探赜\n实际威力=120+对方魔抗能力值*0.05 (不计算强化，向下取整)。\n\n若自身存在异常或负面则净化异常和负面并追加一段固伤为(10+异常项数*30+负面项数*20) *我方玄武魔攻能力值/敌方魔抗能力值*0.85+2+n，n为异常和负面项数的总和; (注: 若使用时玄武身上不存在正面魔攻强化，则本段固伤结算时不计入玄武正面魔攻强化等级)\n\n恐惧敌方，被免疫则将自身魔攻变为1级(上限1级)再造成伤害并删除对方全体技能1pp。\n\n根据自身出手顺序追加效果：\n\n若先手：追加(自身速度能力值(不计算强化等级) *0.65)的固伤并删除敌方全体技能1PP。\n\n若后手：造成(自身魔攻能力值(不计算强化等级)*0.15)波及伤害。"
}