{
  "pet_name": "逆天玄武",
  "keywords": [
    "断彖",
    "逆天玄武",
    "逆转"
  ],
  "skill_info": {
    "priority": 8,
    "power": null,
    "pp": 8,
    "type": "恶魔",
    "category": "变化"
  },
  "content": "技能：断彖\n所有效果必中。\n\n连续三回合发动技能。\n\n每回合给予对方1层永久“逆转”标记（标记穿透斗转，但伤害不穿透，阵亡或换下均不消失，每个目标最多8层)，当对方标记=8时该宠物使用作用目标为敌方的技能时其威力伤害都将作用在该宠物自身。(即，将原本对我方造成的威力伤害原数返回给对方，此时根据威力伤害获得吸血效果将会失效，如：圣辉地焰、血饮狂刀、觉醒破晓的流辉）\n\n根据回合追加效果：\n\n首回合：未受到伤害则回复本技能1PP；\n\n若我当前精力>=对方精力则追加{80+ (敌方速度-我方速度)*0.5} (不计算强化等级)的固定伤害；\n\n若我当前精力<对方精力则对对方造成一段(对方当前精力-我方当前精力) *0.5的固伤并回复我方等额血量。\n\n根据双方强化追加效果：双方存在任意正面强化则回复其他技能1PP。(其一存在即可)\n\n次回合与末回合：追加（对方身上的逆转标记数*15+自身已损精力值*0.2)的固伤并将伤害的一半回复自身与场下队友。\n\n*注：战斗信息可能提示“可惜没有命中”，不影响本技能实际效果，但可能触发部分技能“闪避成功”的判定。"
}