{
  "pet_name": "逆天玄武",
  "keywords": [
    "卦辞",
    "逆天玄武"
  ],
  "skill_info": {
    "priority": 9,
    "power": 100,
    "pp": 10,
    "type": "土",
    "category": "魔法"
  },
  "content": "技能：卦辞\n仅威力伤害非必中。\n\n删除对方上次使用技能2pp，使自身全体技能先手值在原有基础上+2，一回合。(即探赜会变成先手+4)\n\n并根据对方强化追加效果：\n\n若对方有负面强化则降低自身此种强化对应的负面等级（例我方-1级物攻， 对方-2级物攻；技能生效后我方-3物攻)\n\n​若对方有正面强化则降低自身此种强化各1级（例如我方0级速度，+1级物攻，对方+1级速度,+3物攻；技能生效后我方-1级速度，0级物攻)。"
}