{
  "pet_name": "汐纱水王",
  "keywords": [
    "灵渊移星",
    "汐纱水王",
    "储能",
    "碧天清晓"
  ],
  "skill_info": {
    "priority": 11,
    "power": 110,
    "pp": 10,
    "type": "冰",
    "category": "魔法"
  },
  "content": "技能：灵渊移星\n依顺序执行如下效果：\n\n1. 冰冻对方，若被免疫则为我方下一只上场宠物提供护盾。护盾额度=［10+3*(4-n)］%*水王最大精力，叠加上限为水王最大精力的30%。n为碧天清晓pp余量。\n\n2. 若自身无正面强化，则回复碧天清晓1pp。\n\n3. 若自身魔攻等级＜2且场上不为冰雹天气，则提升1级魔攻再造成伤害。\n\n本技能威力伤害miss时不影响附加效果。"
}