{
  "pet_name": "汐纱水王",
  "keywords": [
    "湍玉漱石",
    "汐纱水王",
    "储能",
    "碧天清晓"
  ],
  "skill_info": {
    "priority": 10,
    "power": 100,
    "pp": 10,
    "type": "水",
    "category": "魔法"
  },
  "content": "技能：湍玉漱石\n1. 本技能实际威力为100+15n。n为碧天清晓pp余量，下同。\n\n2. 若对方魔抗等级＞-2，则降低1级魔抗再造成伤害(非强制)。\n\n3. 删除对方全体技能［n/2］pp(向上取整)。\n\n     若降低对方魔抗失败，则额外删除对方全体技能1pp；若降低魔抗成功（或已达-2级限制）且对方（被降抗前）携带正面强化则额外删除其变化技能1pp。\n\n4. 若对方免疫负面强化，则在威力伤害后追加 (0.2*对方已损失精力)的固伤；\n\n5. 回复我方全体(0.2*自身魔攻能力值)精力(不计强化等级影响)。"
}