{
  "pet_name": "汐纱水王",
  "keywords": [
    "烟波长静",
    "汐纱水王",
    "储能",
    "碧天清晓"
  ],
  "skill_info": {
    "priority": 7,
    "power": null,
    "pp": 10,
    "type": "水",
    "category": "变化"
  },
  "content": "技能：烟波长静\n1. 清除双方正面强化(非强制)并造成(0.8*自身已损失精力，上限为400)固定伤害。\n\n2. 若清除对方正面强化成功或对方无正面强化：删除对方最近所用技能［2+n/2+a/2］pp (n/2与a/2分别向上取整，最大删除量为4)，计算删除量后回复碧天清晓［a/2］pp(向上取整)。n为碧天清晓当前pp值，a为所清除的自身与对方的正面强化等级之和。下同。\n\n3. 若清除对方正面强化失败：强制令其各项正面强化削减1级，回复我方场下血量上限最高的队友50%精力与全体技能1pp(时光倒流、圣灵滋养、竹影凝弦除外)。\n\n4. 若对方不免疫冰冻状态，则回复自身除碧天清晓以外的全体技能1pp，削弱对方50%治疗效果持续4回合。\n\n5. 若对方不免疫睡眠状态，则回复自身除碧天清晓以外的全体技能1pp，令对方下一只上场宠物使用技能时额外消耗1pp(该宠物不换下则永久生效)。\n\n若本回合受到先手伤害则此技能必中；\n\n技能未命中时仅能清除自身正面强化以额外回复碧天清晓pp值，并据其冰冻和睡眠抗性追加效果。"
}