{
  "pet_name": "汐纱水王",
  "keywords": [
    "碧天清晓",
    "汐纱水王",
    "储能",
    "清露晨流",
    "湍玉漱石",
    "烟波长静",
    "灵渊移星"
  ],
  "skill_info": {
    "priority": 15,
    "power": null,
    "pp": 4,
    "type": "水",
    "category": "变化"
  },
  "content": "技能：碧天清晓\n被动免疫束缚、睡眠、诅咒、寄生、麻醉、迷惑、烧伤；本技能pp免疫删除。\n\n主动使用时，触发如下效果：\n\n1. 免疫异常状态4回合，期间自身所受每段任意伤害均减少80。\n\n2. 召唤阴雨天气6回合，净化我方全体存活宠物，回复自身(20+10n+5m)%精力。\n\n     n为储能层数，在此取本技能使用前的pp值(在双损状态下则-1，下限取1)；\n\n     m为所净化的异常与负面项数总数(相同项不重复计入，上限取4)。下同。\n\n3. 若n为3或4，回复其他技能1pp。\n\n4. 若n为4，为所有受净化的宠物回复pp值。对每个技能回复量为0.1*(m-1)*对应技能pp值上限(时光倒流、圣灵滋养、竹影凝弦除外)。\n\n5. 上述效果结算完毕后，清空本技能pp值。"
}