{
  "pet_name": "吉禄豪炎",
  "keywords": [
    "锦里九枝",
    "吉禄豪炎",
    "豪炎之印"
  ],
  "skill_info": {
    "priority": 10,
    "power": 110,
    "pp": 10,
    "type": "火",
    "category": "魔法"
  },
  "content": "技能：锦里九枝\n重置自身魔攻等级，对敌方造成其min（敌方已损精力，敌方护盾额度）点固伤，为对方回复（固伤额度*0.8）精力。\n\n之后造成威力伤害，回复自身（威力伤害*0.5）精力并追加[60+（威力伤害）*（0.25+0.08n）]点固伤（0.25+0.08n，上限计0.6）。\n\n若敌方存活宠物≤3则清除场上非暴晒的天气环境，清除成功时删除对方全技能1pp；\n\n若场上不是暴晒天气，提升（0.1*对方当前精力）威力（指为其回复后的精力）；\n\n若场上是暴晒天气，则当对方队伍中存在水/土/石/神系宠物时提升30点固伤额度，不存在则对自身回血量提升至（威力伤害*0.8）。\n\n*n为敌方被豪炎之印标记的宠物数。"
}