{
  "pet_name": "吉禄豪炎",
  "keywords": [
    "东风意绪",
    "吉禄豪炎",
    "豪炎之印",
    "除岁余辉"
  ],
  "skill_info": {
    "priority": 8,
    "power": 120,
    "pp": 10,
    "type": "火",
    "category": "魔法"
  },
  "content": "技能：东风意绪\n净化自身并删除敌方最近使用的技能2pp。\n\n降低对方（25+5*n）%治疗效果持续3回合，并对其场下被豪炎之印标记的宠物也造成与威力伤害等额的伤害（不致死）。\n\n若当前除岁余辉技能的累计使用次数为偶数，则（0.7+0.15*n）倍反弹本回合受到的最后一次先手伤害。\n\n若对方存活宠物数量≤3，额外降低对方1级魔抗（非强制）再造成伤害。\n\n暴晒天气下必中且无视对方正面魔抗等级；\n非暴晒天气下额外删除对方最近使用的技能1pp。\n\n本技能miss时只能触发净化自身的效果。\n\n*n为敌方被豪炎之印标记的宠物数。"
}