{
  "pet_name": "凯路斯",
  "keywords": [
    "吉光片羽",
    "凯路斯"
  ],
  "skill_info": {
    "priority": 8,
    "power": 120,
    "pp": 10,
    "type": "光",
    "category": "物理"
  },
  "content": "技能：吉光片羽\n倒置自身负面强化，回复其他技能1pp，提升1级速度（上限2级）再伤害。\n\n技能实际威力=120+0.25*（我方速度-对方速度），计入强化等级，上限240。\n\n若场上天气不为疾风或自身有护盾则删除对手全体技能1pp，且实际威力为135+0.35*（我方速度-对方速度），计入强化等级，上限270。\n\n*p.s：对手速度高于我方时，括号内数值为负。\n\n本技能miss时仅回复其余技能pp与强化自身速度的效果可以触发。"
}