{
  "pet_name": "凯路斯",
  "keywords": [
    "浮光跃金",
    "凯路斯"
  ],
  "skill_info": {
    "priority": 10,
    "power": 100,
    "pp": 10,
    "type": "翼",
    "category": "物理"
  },
  "content": "技能：浮光跃金\n连续3回合发动技能，每回合有如下效果：\n\n1.召唤疾风3回合，召唤成功则实际威力=100+0.25*对手已损失血量+35m；\n\n    若召唤失败则实际威力=100+0.2*对手已损失血量+25m；\n\n    m为双方携带的强化项数（相同项计2）。\n\n2.删除对手全体技能1pp。\n\n3.若自身有护盾则回复威力伤害的50%给自身；反之则造成额度为 [威力伤害的20%] 的波及伤害。\n\n其中，首回合会重置自身物攻等级。若召唤疾风天气失败，则在威力伤害后追加一段额度为 0.3*对手物防能力值的固伤，不计算强化，对boss恒定100。"
}