{
  "pet_name": "凯路斯",
  "keywords": [
    "扶摇苍穹",
    "凯路斯"
  ],
  "skill_info": {
    "priority": 14,
    "power": null,
    "pp": 5,
    "type": "翼",
    "category": "变化"
  },
  "content": "技能：扶摇苍穹\n净化自身，回复自身300精力，减免所受每段威力伤害100+40n点一回合；\n\nn为敌方场下包含电、石、冰、神属性的宠物数量。\n\n免疫异常与负面5回合。\n\n若当前满足 [场上不为疾风天气] 或 [自身有护盾] 条件，则触发额外效果；\n\n1.满足任意一项则5回合内对手pp消耗量+1（两项都满足时不叠加）；\n\n2.满足任意一项则额外获得100点回血量与40点减伤额度（满足两项可叠加）。"
}