{
  "pet_name": "凯路斯",
  "keywords": [
    "青天绝云",
    "凯路斯"
  ],
  "skill_info": {
    "priority": 11,
    "power": null,
    "pp": 8,
    "type": "光",
    "category": "变化"
  },
  "content": "技能：青天绝云\n所有效果必中。\n\n令对方恐惧。在任意天气环境下免疫异常2回合并闪避本回合后手技能。\n\n根据自身当前血量追加效果：\n\n1.若当前血量＞50%，则清除对方强化（非强制）并在2回合内限制自身所受每段伤害不超过180；\n\n2.若当前血量≤50%，则获得额度为 [100+0.5*自身已损失血量]的护盾并造成一段额度为 [0.4*自身已损失血量] 的固伤。\n\n*若获得限伤后被攻击至血量低于50%，在限伤期间再次使用本技能，则取消已有的限伤效果；\n\n若获得护盾后回血至50%以上时再次使用本技能，则不会取消已有护盾。\n\n*注：战斗信息可能提示“可惜没有命中”，不影响本技能实际效果，但可能触发部分技能“闪避成功”的判定。"
}