{
  "pet_name": "桃夭",
  "keywords": [
    "凝香",
    "桃夭",
    "韶光"
  ],
  "skill_info": {
    "priority": 11,
    "power": null,
    "pp": 8,
    "type": "草",
    "category": "变化"
  },
  "content": "技能：凝香\n连续3回合发动技能，期间令自身所受任意伤害降低（25+5*m）%（上限40%）。\n\nm=自身正负面强化等级数，每次结算时读取。\n\n①首回合：回复自身（50+25*m，上限100）精力并令对方沉睡，被免疫则回复其他技能1pp；\n\n②次回合：回复自身（50+25*m，上限100）精力。\n\n③末回合：清除场上非芬芳的天气环境（不包括“无天气/环境”），净化我方全体宠物并重置所有正面强化。\n\n计n=净化的异常项数*1+净化的负面项数*0.5+重置的正面强化等级*0.2，（净化同种异常或负面时不重复计入；最终结果向下取整）根据n的大小获得额外增益：\n\n●回复我方全体存活宠物[（30+15*n）%*自身最大精力]的血量；\n\n●为我方魔攻能力值最高的存活队友提升（n）级魔攻（上限3级）。\n\n●若n≥（5-我方草系队友数），为我方pp余量最多的阵亡队友回满精力。"
}