{
  "pet_name": "桃夭",
  "keywords": [
    "乱霞",
    "桃夭"
  ],
  "skill_info": {
    "priority": 10,
    "power": 100,
    "pp": 10,
    "type": "萌",
    "category": "魔法"
  },
  "content": "技能：乱霞\n提升自身（0.5*对方正面强化等级数）级魔攻再造成伤害（至少提升1级，提升后的上限为3级）。\n\n吸取对方（0.25*对方不计强化的魔抗能力值）精力值回复自身（上限100）。\n\n若对方不处于睡眠状态则迷惑对方，被免疫则获得一回合闪避并删除对方最近使用的技能2pp。\n\n​本技能miss则无任何效果。"
}