{
  "pet_name": "桃夭",
  "keywords": [
    "韶光",
    "桃夭",
    "凝香"
  ],
  "skill_info": {
    "priority": 8,
    "power": 140,
    "pp": 10,
    "type": "草",
    "category": "魔法"
  },
  "content": "技能：韶光\n召唤芬芳环境4回合并免疫异常状态4回合，\n\n若除本技能和凝香外的其余技能中不存在空pp技能则回复其中pp最少的技能1pp；\n\n若召唤芬芳环境失败或除本技能和凝香外存在pp为0的技能则删除对方上回合使用的技能1pp（满足两个条件时可叠加）。\n\n在结算基础效果后，根据本回合受伤情况与造成伤害情况追加效果：\n\n①若本回合未受到先手伤害，删除对方全体技能1pp。\n\n②若本技能造成的伤害被抵抗，删除对方全体技能1pp。\n\n若效果①②均未触发，额外回复自身除凝香外pp最少的技能1pp（可作用于本技能）。"
}