{
  "pet_name": "幽游灵姬",
  "keywords": [
    "浮灵哀鸣",
    "幽游灵姬"
  ],
  "skill_info": {
    "priority": 12,
    "power": 40,
    "pp": 7,
    "type": "幽灵",
    "category": "魔法"
  },
  "content": "技能：浮灵哀鸣\n技能实际威力为 （40+20*自身威力技能数）*（自身不计强化的魔抗能力值/对方不计强化的魔抗能力值）+25*自身魔抗等级的绝对值。\n\n若对方携带有恶魔或机械中的任一属性，则威力提升至（60+20*自身威力技能数）*（自身不计强化的魔抗能力值/对方不计强化的魔抗能力值）+30*自身魔抗等级的绝对值。\n\n计算技能威力后净化自身并回复（0.6*不计强化的魔抗能力值）精力。\n\n造成伤害后将自身＜1的魔抗等级强化至1级，＞3的魔攻等级削弱至3级。\n\n3回合内免疫除中毒、剧毒、寄生外的所有异常状态和负面强化，减免所受物理伤害的25%。\n\n若场上存在任意天气/环境，则清除之并获得一回合闪避，回复自身全体技能1pp，回复我方全体200精力。"
}