{
  "pet_name": "幽游灵姬",
  "keywords": [
    "幽罗娃娃",
    "幽游灵姬"
  ],
  "skill_info": {
    "priority": 10,
    "power": 90,
    "pp": 10,
    "type": "恶魔",
    "category": "魔法"
  },
  "content": "技能：幽罗娃娃\n（80%命中率，每回合独立计算命中）连续3回合发动攻击。\n\n①首回合：令自身两回合内造成的威力伤害提升（10+5*自身防御正面等级）%（上限25%），并提升自身1级魔抗。\n\n根据当回合是否受到先手伤害追加效果：\n\n若受到伤害，则额外提升1级防御（先提升防御再计算增伤比例）并使次回合与末回合的威力加倍。\n\n若未受到伤害，则额外提升1级魔攻并将本次所造成的威力伤害的37.5%反噬给自身。\n\n②次回合：发动（90*1/2）威力的攻击。\n\n③末回合：发动（90*1/4）威力的攻击。\n\n本技能首回合未命中时不能触发令两回合内自身威力伤害提升的效果，其余效果均为必中。\n\n任意回合威力伤害未命中时均会削弱对方1级魔抗（非强制，最低-1级）。"
}