{
  "pet_name": "幽游灵姬",
  "keywords": [
    "如影随形",
    "幽游灵姬"
  ],
  "skill_info": {
    "priority": 9,
    "power": null,
    "pp": 10,
    "type": "幽灵",
    "category": "变化"
  },
  "content": "技能：如影随形\n删除对方全体技能（n）pp，净化自身异常并回复30%精力与其他技能1pp。\n\n冰冻对方并清除其正面强化（非强制），冰冻失败或清除强化失败（对方无正面强化时视为清除失败）则额外删除对方最近使用的技能（2-n）pp（可叠加，即都失败时删除双倍）。\n\n若自身无正负面强化，则强制清除对方正面强化。\n\n成功清除对方正面强化时，额外删除对方全体技能1pp，自身提升1级魔攻并回复其他技能1pp。\n\nn=0.5*自身正面强化项数（向下取整，n最高为2）。\n\n本技能先执行删除pp效果后执行回复pp效果。\n\n本技能miss则无任何效果。"
}