{
  "pet_name": "灵瑞朱雀",
  "keywords": [
    "鹑火伏辰",
    "灵瑞朱雀",
    "天火印记",
    "雀羽朱印"
  ],
  "skill_info": {
    "priority": 11,
    "power": 120,
    "pp": 10,
    "type": "火",
    "category": "魔法"
  },
  "content": "技能：鹑火伏辰\n①删除对方全体技能1pp，对方携带天火印记时提升（10*对方天火印记层数）威力并额外删除全体技能1pp。\n\n②若场上是暴晒天气且对方不免疫烧伤，则追加（对方最大生命值/8）点固伤；若不是暴晒天气，则额外提升（10*我方存活的火系或翼系队友数）点威力（上限30）。\n\n③受到血脉强化时，本次攻击属性变为神火（受到暴晒与阴雨天气影响的幅度也随之变化）。\n\n④造成伤害后重置双方正面强化（非强制，若对方携带天火印记则强制，不穿透锁强），并追加（40+10*对方天火印记层数+20*成功重置的双方正面强化等级数）点固伤（上限150），自身获得等同于固伤值的护盾（可叠加，上限为150）。\n\n⑤最后清空对方携带的天火印记。"
}