{
  "pet_name": "灵瑞朱雀",
  "keywords": [
    "南陆祺光",
    "灵瑞朱雀",
    "火羽印记",
    "雀羽朱印",
    "珠星垂影",
    "丹羽燎空"
  ],
  "skill_info": {
    "priority": 15,
    "power": null,
    "pp": 5,
    "type": "普通",
    "category": "变化"
  },
  "content": "技能：南陆祺光\n净化我方全体宠物的异常，回复自身（330-50*当前连续使用次数）点精力（首次使用回复280，最低回复180）。回复本技能1pp，若为本次战斗中首次使用则额外回复满本技能pp。\n\n5回合内自身免疫异常并：\n\n①每次结算时若本技能剩余pp＞0则删除本技能1pp并获得一个火羽印记（我方换下不失效，最多5个）后回复自身（10*火羽印记层数）点精力；\n\n②受到的每段伤害不超过 （200-10*自身火羽印记层数-10*我方阵亡的火系或翼系队友数）点（限伤额度最低为120）。\n\n③我方场下宠物受到的波及伤害降低30%。"
}