{
  "pet_name": "灵瑞朱雀",
  "keywords": [
    "珠星垂影",
    "灵瑞朱雀",
    "火羽印记",
    "天火印记",
    "南陆祺光",
    "雀羽朱印"
  ],
  "skill_info": {
    "priority": 10,
    "power": 90,
    "pp": 10,
    "type": "翼",
    "category": "魔法"
  },
  "content": "技能：珠星垂影\n①仅当自身有正面强化时，提升（40-10*自身正面强化等级数）点威力（最少提升0点）。\n\n②提升自身1级魔攻（上限1级）并令对方恐惧，删除对方上回合使用的技能（3+对方天火印记层数/3）pp（向下取整）。\n\n③若（自身火羽印记层数+对方天火印记层数）≥5则必中，额外回复自身除南陆祺光外全体技能1pp（当除本技能与南陆祺光外的技能pp为0时无效）并免疫负面强化1回合，受血脉强化时额外提升30点威力。\n\n以上效果为必中，以下效果在命中后生效：\n\n④令对方本回合使用的技能后续3次使用无法命中（任意一方换下均不失效，回合内重复使用刷新效果，即此前由本技能赋予过此效果的技能将被解除限制）；\n\n⑤召唤疾风天气6回合，召唤失败则额外提升1级魔攻（上限2级）。"
}