{
  "pet_name": "灵瑞朱雀",
  "keywords": [
    "丹羽燎空",
    "灵瑞朱雀",
    "火羽印记",
    "天火印记",
    "南陆祺光"
  ],
  "skill_info": {
    "priority": 8,
    "power": null,
    "pp": 10,
    "type": "火",
    "category": "变化"
  },
  "content": "技能：丹羽燎空\n仅固伤不必中，若对方本回合使用的技能与上回合不相同则必中。\n\n①召唤暴晒天气6回合。\n\n②赋予对方（自身携带的火羽印记）层天火印记（对方换下不失效，每只宠物最多携带5个），之后回复南陆祺光技能（自身火羽印记层数）pp；回复我方全体宠物（0.3*自身已损精力 +30*自身火羽印记层数）点精力（上限300），回复自身其他技能1pp。\n\n③清空自身携带的火羽印记。\n\n④攻击新目标时删除对方全体技能1pp。\n\n⑤造成（0.15*对方当前血量+15*敌方全体携带天火印记的宠物数+5*敌方全体携带的天火印记总层数）点固伤（上限200）。"
}