{
  "pet_name": "卡利俄珀",
  "keywords": [
    "南燕思归",
    "卡利俄珀"
  ],
  "skill_info": {
    "priority": 8,
    "power": null,
    "pp": 10,
    "type": "萌",
    "category": "变化"
  },
  "content": "技能：南燕思归\n若场上不为梦境与乐园环境则召唤乐园环境5回合，若已为梦境或乐园环境则将其延长3回合。\n\n束缚对手，束缚成功则降低对手2级魔防强化（强制）。\n\n净化自身异常与负面，召唤环境后回复自身(自身最大精力*0.1)精力，记录对手本回合主动使用的技能。\n\n免疫异常4回合，回合内有以下效果：\n\n①令对手主动使用任意技能后为我方施加混乱异常（回合内自身换下则效果持续至对手也换下）；\n\n②自身换下后令对手造成的威力伤害降低20%（效果持续至对手换下）；\n\n③若首回合召唤或延长环境失败则令对手使用技能额外消耗1PP（任一方换下失效）；\n\n④若首回合束缚成功则锁定敌方强化等级（任一方换下失效）；\n\n⑤若首回合净化任意异常或负面则回合内自身造成威力伤害时将自身魔攻强化视为(实际魔攻强化等级+1)级（上限6级）；（无需净化成功）\n\n⑥回合内若对手再次主动使用首回合被记录的技能则发动本技能造成(120无属性魔法伤害，波动系数取0.8~1)固伤"
}