{
  "pet_name": "卡利俄珀",
  "keywords": [
    "谐音诗歌",
    "卡利俄珀"
  ],
  "skill_info": {
    "priority": 10,
    "power": 80,
    "pp": 7,
    "type": "萌",
    "category": "魔法"
  },
  "content": "技能：谐音诗歌\n将场上锁定为“无天气/环境”2回合，并根据对方正负面强化项数追加效果：\n\n①若正面强化项数＞负面，则吸取对方40*n精力回复自身。\n\nn=对方各项正面强化中最高的一项等级。\n\n②若正面强化项数＜负面，则提升（20*对方负-面强化项数）威力。\n\n③若正面强化项数=负面且不为0，则清空对方pp余量最多的技能的pp值。\n\n上述效果结算完毕后，重置对方正负面强化（其中重置正面的效果为强制）。\n\n本技能miss则无任何效果。"
}