{
  "pet_name": "卡利俄珀",
  "keywords": [
    "刻笔鸣弦",
    "卡利俄珀"
  ],
  "skill_info": {
    "priority": 11,
    "power": 125,
    "pp": 12,
    "type": "光",
    "category": "魔法"
  },
  "content": "技能：刻笔鸣弦\n首回合必中，后续回合降低精力回复效果必中，威力伤害及删除PP效果非必中。\n\n本技能至少连续发动3回合。\n\n首回合：\n\n①迷惑对手，迷惑成功则每回合必定暴击；\n\n②净化自身异常与负面并在受到后手异常或负面时立即将其净化，若触发净化效果则回复自身从左至右前(成功净化的异常与负面项数和)格技能各2PP（最多回复前4个技能，即全技能2PP），并额外发动本技能1回合且下一次发动起每回合提升(50*成功净化的异常与负面项数和)威力（上限100；主动使用重置威力）。\n\n每回合：\n\n①令对手后手精力回复量减少40（至多减为1）；\n\n②若当前对手的宠物编号与自身相邻队友中任意一个相同，则删除当前对手全技能1PP。"
}