{
  "pet_name": "卡利俄珀",
  "keywords": [
    "流景逐君",
    "卡利俄珀"
  ],
  "skill_info": {
    "priority": 10,
    "power": 90,
    "pp": 12,
    "type": "萌",
    "category": "魔法"
  },
  "content": "技能：流景逐君\n以下效果均在命中后生效，若场上不为梦境与乐园环境则必中。\n\n回复自身首格技能1PP，威力伤害后追加(威力伤害*1)固伤（上限200）。\n\n若场上为梦境或乐园环境，则删除对手全技能(场上梦境或乐园环境剩余回合数/4)PP（向上取整，上限3）；\n\n若场上不为梦境与乐园环境，则威力伤害前提升自身1级魔攻强化，威力伤害后召唤乐园环境5回合，额外回复自身非首格技能1PP，令自身下一次使用本技能的先手值加1（自身换下重置）。"
}