{
  "pet_name": "卡利俄珀",
  "keywords": [
    "致论精微",
    "卡利俄珀"
  ],
  "skill_info": {
    "priority": 9,
    "power": null,
    "pp": 10,
    "type": "光",
    "category": "变化"
  },
  "content": "技能：致论精微\n以下效果均在命中后生效，若自身有正负面强化则必中。\n\n重置对手正面强化（非强制），诱导对手下回合继续使用本回合技能。\n\n若场上为乐园环境，则删除对手本回合技能2PP。\n\n若对手本回合技能PP为0且不为免删技能，则令该技能无法被回复持续至任一方换下或我方再次使用本技能。\n\n若我方本回合后手且对手先手主动使用威力技能造成伤害，则记录该威力技能造成总伤害（非技能描述仅记录威力伤害，若带出多回合技能则记录最后一个技能造成总伤害），令自身下一次主动使用威力技能追加(记录值*0.6)固伤（上限180）并回复自身等量精力。"
}