{
  "pet_name": "卡利俄珀",
  "keywords": [
    "怀珠韫玉",
    "卡利俄珀"
  ],
  "skill_info": {
    "priority": 15,
    "power": null,
    "pp": 7,
    "type": "萌",
    "category": "变化"
  },
  "content": "技能：怀珠韫玉\n被动免疫睡眠、冰冻。\n\n净化自身异常与负面，回复自身(自身最大精力*0.6)精力与威力技能2PP。\n\n免疫异常并召唤乐园环境均持续6回合，回合内有以下效果：\n\n①自身主动使用除本技能及除“催眠”“冥想”外的其他技能时回复自身100精力，若所用技能作用目标为“敌方”且技能命中则追加(实际精力回复量*0.5)固伤。\n\n②自身受到的非抵抗威力伤害降低35%，受到的暴击的威力伤害降低25%。"
}