{
  "pet_name": "御械女帝",
  "keywords": [
    "能源倾泻",
    "御械女帝",
    "火力",
    "属性方程",
    "力场庇护",
    "程序入侵"
  ],
  "skill_info": {
    "priority": 10,
    "power": 120,
    "pp": 12,
    "type": "机械",
    "category": "物理"
  },
  "content": "技能：能源倾泻\n①本技能先手值提升（火力层数*0.5）点，向上取整至多2点。\n\n②携带血脉时令本技能增加（血脉获取的属性数*25）威力，至多提升至300。\n\n③恐惧对手。\n④释放自身护盾并强制清除自身正面强化，追加（释放的护盾值*0.5+40*清除的强化等级总和，上限200）点固伤。\n⑤造成威力伤害后追加（45+15*自身火力标记数）点固伤。\n\n⑥若血脉获得属性数≥4且火力≥4层时必定造成克制伤害后将火力降低至（自身上场次数，上限3）层。\n\n⑦造成克制伤害时回复「程序入侵」技能1PP。\n\n*本技能的「必定克制」对神系、失去属性均有效，无视星云天气的反转效果；\n\n无法对「煌明天照」、「水无常形」、「彻甲」相关效果生效。（2024-09-12）"
}