{
  "pet_name": "御械女帝",
  "keywords": [
    "程序入侵",
    "御械女帝",
    "火力",
    "能源倾泻"
  ],
  "skill_info": {
    "priority": 11,
    "power": 120,
    "pp": 12,
    "type": "电",
    "category": "物理"
  },
  "content": "技能：程序入侵\n连续发动技能2回合，首回合miss不影响继续发动。\n\n首回合：\n\n威力伤害与效果均非必中。\n①删除对手最近使用技能3PP。\n\n②令对手本回合主动使用的技能造成的固伤降低30%持续3回合。\n③令对手下一次造成的威力伤害以机械系计算克制抵抗关系（对神系有效，对方换宠失效）。\n④获得（40*对手正面强化等级总和）点护盾（单次至多获取200点，可叠加至300点）。\n⑤以上效果结算完毕后，清除对手正面强化（非强制）。\n\n末回合：\n\n威力伤害与效果均必中。\n\n①回复自身其他技能1PP。\n\n②获得1层火力。"
}