{
  "pet_name": "御械女帝",
  "keywords": [
    "力场庇护",
    "御械女帝",
    "火力",
    "属性方程",
    "格式化进程",
    "能源倾泻"
  ],
  "skill_info": {
    "priority": 12,
    "power": null,
    "pp": 4,
    "type": "电",
    "category": "变化"
  },
  "content": "技能：力场庇护\n本技能PP免疫删除且无法被回复。\n\n净化自身异常与负面，回复自身35%最大精力。\n免疫异常与负面5回合，回合内有以下效果：\n  ①对手精力回复效果降低20%；\n  ②自身「属性方程」血脉的固伤免疫额度提升至120；\n\n  ③火力层数上限增加至7。\n首回合额外效果：\n\n①获得1层火力。\n②免疫对手后手造成的固伤。\n③令对手下一次主动使用技能造成的威力伤害降低30%，使其再下一次主动使用威力技能时将减免部分以固伤形式对我方造成追加伤害（对方换宠则不再追加）。\n\n④若火力≥4层则回复「格式化进程」、「能源倾泻」技能2PP。"
}