{
  "pet_name": "御械女帝",
  "keywords": [
    "格式化进程",
    "御械女帝",
    "火力",
    "力场庇护",
    "屏障缔造"
  ],
  "skill_info": {
    "priority": 9,
    "power": 120,
    "pp": 10,
    "type": "机械",
    "category": "物理"
  },
  "content": "技能：格式化进程\n威力伤害非必中，效果必中，若火力＞5层则均必中。\n①若自身存在PP为0的技能，则召唤铁壁环境4回合。\n\n②删除对手全技能（火力层数*0.5）PP（向上取整，至多删除3PP）。\n③造成威力伤害时将自身物攻等级视为（1+自身火力标记数*0.5）级（向上取整，上限5级）。\n④若本回合我方后手，则造成威力伤害后追加（自身已损精力*0.25）固伤。\n\n⑤若火力≥4层则回复「屏障缔造」技能1PP后将火力降低至（自身上场次数，上限3；若火力＞5层，上限2）层。"
}