{
  "pet_name": "御械女帝",
  "keywords": [
    "屏障缔造",
    "御械女帝",
    "格式化进程"
  ],
  "skill_info": {
    "priority": 15,
    "power": null,
    "pp": 6,
    "type": "机械",
    "category": "变化"
  },
  "content": "技能：屏障缔造\n被动免疫诅咒、束缚与恐惧。\n\n净化自身异常与负面，回复自身60%最大精力。\n免疫异常并召唤铁壁环境均持续6回合，回合内有以下效果：\n  ①自身受到的威力伤害降低25%；\n\n  ②携带血脉时，主动使用机械系威力技能将回复（100-15*血脉获取的属性数）点精力，至少回复40点；\n  ③自身护盾消失（包括被击破与主动释放）时获得1回合闪避。"
}