{
  "pet_name": "美狄亚",
  "keywords": [
    "怅语别吟",
    "美狄亚",
    "远信遗音"
  ],
  "skill_info": {
    "priority": 11,
    "power": null,
    "pp": 3,
    "type": "毒",
    "category": "变化"
  },
  "content": "技能：怅语别吟\n净化自身并回复50%已损精力（下限150，上限300），3回合内免疫异常并使受到的每段固定伤害减免40点。\n\n根据本回合出手顺序追加效果：\n\n①若我方先手，则为我方下一只上场宠物提供（本技能对自身回血量，上限240）额度的护盾。\n\n②若我方后手，则删除对方本回合所用技能4pp并对其造成（本技能对自身回血量）额度的固伤。\n\n根据本技能pp余量（在因主动使用进行pp扣除后的余量）追加效果：\n\n①余量为2：为场下最大生命值最低的存活队友回复全部精力与全体技能各自35%pp（向上取整）；\n\n②余量为1：为场下当前血量最低的存活队友回复75%精力与全体技能各自30%pp（向上取整）；\n\n③余量为0：为场下当前血量最低的存活队友回复50%精力与全体技能各自25%pp（向上取整）。\n\n为队友回复精力与pp后，为对应队友先提升后降低1级物攻（均为强制）。\n\n若本场战斗中首次使用本技能时pp余量≤1（对应上述②或③），则额外根据自身不计强化的双抗能力值提供全体增益：\n\n①若防御≥魔抗：自身回复12精力，我方全体减免12%威力伤害;\n\n②若防御<魔抗：对方受到12伤害，我方全体增幅12%威力伤害。\n\n增减伤效果触发后在整场战斗中永久有效，但在我方存在同类buff （真龙水晶、太初觉醒、自然之友、圣光祝福）时不表现。\n\n本技能pp值免疫删除、不能以'远信遗音'之外的常规形式回复。"
}