{
  "pet_name": "美狄亚",
  "keywords": [
    "黯月凝风",
    "美狄亚"
  ],
  "skill_info": {
    "priority": 15,
    "power": null,
    "pp": 6,
    "type": "毒",
    "category": "变化"
  },
  "content": "技能：黯月凝风\n被动免疫诅咒、睡眠、束缚。\n\n回复自身60%精力（上限600）并净化自身，召唤瘴气环境6回合。\n\n为我方场下所有队友回复（0.35*自身不计强化的魔攻能力值）精力并对敌方场下造成（我方半血以下队友数*50）波及伤害。\n\n我方每个低于半血的队友额外回复（半血以下队友数*50）精力。\n\n免疫异常状态6回合，并根据自身不计强化的双抗能力值追加效果：\n\n①防御≥魔抗：自身回复1点精力，防控回合内所受魔法伤害转为物理伤害；\n\n②防御<魔抗：自身受到1点伤害，防控回合内所受物理伤害转为魔法伤害。"
}