{
  "pet_name": "美狄亚",
  "keywords": [
    "鸩羽长锋",
    "美狄亚",
    "'远信遗音'标记"
  ],
  "skill_info": {
    "priority": 10,
    "power": 180,
    "pp": 12,
    "type": "毒",
    "category": "魔法"
  },
  "content": "技能：鸩羽长锋\n若自身'远信遗音'标记个数满足（标记数≥1）且[（标记数≥双方阵亡宠物和）或（标记数≥6 ）]则必中，并对敌方造成威力伤害（180威力）、对自身造成1314固定伤害且无其他任何效果。否则：\n\n技能实际威力为[180+20*(m+n)]*(对方当前精力/对方最大精力)。\n\nm为双方全场毒系宠物数，n为双方阵亡宠物数，总和最高计7；对方当前精力/对方最大精力，最小为0.7。\n\n将自身＞1的魔攻等级置于1再造成伤害。\n\n令对方中剧毒，若成功则删除对方本回合所用技能2pp，若对方同时还缺少冰冻、睡眠、恐惧中的任意抗性，则每缺少其中一种抗性均额外删除其本回合所用技能2pp并使技能威力在上述计算结果的基础上提升1/3。\n\n造成伤害后根据对方剩余精力百分比追加必中的效果：\n\n①[100，75）：删除对方全体技能2pp；\n\n②[75，30）：强制清除对方正面强化（不穿透锁强），回复我方全体（0.35*本次威力伤害）精力；\n\n③[30，0）：若自身先手出招则倒置对方后手治疗效果。\n\n若自身当前精力≤对方当前精力则必中。"
}