{
  "pet_name": "美狄亚",
  "keywords": [
    "恩怨",
    "美狄亚"
  ],
  "skill_info": {
    "priority": 9,
    "power": 75,
    "pp": 10,
    "type": "水",
    "category": "物理"
  },
  "content": "技能：恩怨\n命中后根据出招顺序追加伤害：\n\n先手出招时追加（对方当前精力*0.35，向下取整，上限200）的固伤。\n\n后手出招时追加（50+自身已损精力*1.3，向下取整）的固伤。\n\n以上效果结算完毕后造成威力伤害。"
}