{
  "pet_name": "美狄亚",
  "keywords": [
    "远信遗音",
    "美狄亚",
    "'远信遗音'标记",
    "怅语别吟"
  ],
  "skill_info": {
    "priority": 8,
    "power": null,
    "pp": 10,
    "type": "毒",
    "category": "变化"
  },
  "content": "技能：远信遗音\n若自身'远信遗音'标记个数满足（标记数≥1）且[（标记数≥双方阵亡宠物和）或（标记数≥6 ）]则对自身造成1314固定伤害且无其他任何效果。否则：\n\n删除对方全体技能（双方阵亡宠物数之和/4）pp值（向上取整，上限为2），并依次造成两段额度分别为（0.35*自身已损精力）和（0.4*本回合受到的最后一段先手伤害+25*自身pp为0的技能数）的固伤。\n\n回复我方场下队友[（0.2+0.1*阵亡队友数，上限0.5）*自身不计强化的魔攻能力值]精力。\n\n检测我方场下阵亡宠物中技能有pp余量（不计入免删技能）的单位，并据其中pp余量最高者触发以下效果（可叠加），然后清空对应宠物pp值（不计入也不删除免删类技能）：\n\n①余量＞0：删除对方全体技能1pp并回复自身除怅语别吟外其他技能1pp，造成[（0.1+0.1*我方阵亡队友数，上限0.3）*自身不计强化的魔攻能力值]波及伤害。\n\n②pp余量之和≥20%pp最大值之和（向下取整）：删除对方全体技能1pp并回复自身除怅语别吟外其他技能1pp；\n\n③pp余量之和≥50%pp最大值之和（向下取整）：回复怅语别吟1pp。\n\n根据上述①②③中的触发情况回复自身（触发条数）精力并获得与回复量等额的'远信遗音'标记（永久、换下不失效）。\n\n本技能miss时除固伤和根据双方阵亡宠物数量删除pp的效果以外，其余效果均能正常触发。\n\n当我方阵亡宠物数≥对方阵亡宠物数时必中。\n\n本技能删除对方全体技能pp的效果可叠加，但总额度上限为3。"
}