{
  "pet_name": "溯夜帕尔",
  "keywords": [
    "儒雅",
    "溯夜帕尔",
    "猎血诅咒"
  ],
  "skill_info": {
    "priority": 9,
    "power": 100,
    "pp": 12,
    "type": "恶魔",
    "category": "魔法"
  },
  "content": "技能：儒雅\n本技能miss时不影响效果。\n\n若自身魔攻能力值小于对方，则本技能威力提升 [0.1*自身双防能力值之和]。（计算强化等级）\n\n若对方有猎血诅咒标记，则追加 [15*双方存活宠物数，至少为60] 的固伤。\n\n若标记数为1，则提升自身1级魔抗；\n\n若标记数为2且自身血量低于30%，则获得一回合闪避，受到威力伤害时删除对方全体技能1pp。"
}