{
  "pet_name": "溯夜帕尔",
  "keywords": [
    "战栗威压",
    "溯夜帕尔"
  ],
  "skill_info": {
    "priority": 11,
    "power": null,
    "pp": 10,
    "type": "恶魔",
    "category": "变化"
  },
  "content": "技能：战栗威压\n命中后恐惧敌方并对敌方场下宠物造成波及伤害。\n\n若敌方免疫恐惧则强化自身1级魔攻再造成波及伤害。\n\n波及量=自身魔攻能力值*0.15。(计算强化等级的影响)\n\nP.S:此技能miss无任何效果。"
}