{
  "pet_name": "溯夜帕尔",
  "keywords": [
    "才华",
    "溯夜帕尔"
  ],
  "skill_info": {
    "priority": 14,
    "power": null,
    "pp": 5,
    "type": "恶魔",
    "category": "变化"
  },
  "content": "技能：才华\n净化自身并免疫异常和负面6回合，回复35%精力值，如果对方已觉醒血脉天赋则回复量提升为70%。\n\n获得150点护盾（重复使用不叠加），护盾被打破时删除对方最近使用技能2pp。\n\n召唤血月天气6回合，失败则召唤暗黑城环境6回合。"
}