{
  "pet_name": "煌明火王",
  "keywords": [
    "折锐摧矜",
    "煌明火王",
    "墟之气"
  ],
  "skill_info": {
    "priority": 9,
    "power": 120,
    "pp": 10,
    "type": "火",
    "category": "魔法"
  },
  "content": "技能：折锐摧矜\n威力伤害非必中，其余效果均必中。自身墟之气层数≤6时必中。\n删除对方全体技能1pp。\n\n虚弱敌方威力技能伤害（墟之气层数*5%，上限40%）持续一回合（虚弱效果对自身无效，回合内我方换下永久，敌方换下失效）。\n若有负面则净化自身负面并提升15*（1+负面强化等级数*1）威力。\n强化自身魔攻1级（上限3级）再造成伤害。\n烧伤对方，若烧伤失败则降低自身物攻1级，烧伤成功且对方原先处于恐惧状态则造成999点斩杀伤害。\n根据本回合出招先后追加效果：\n①先手时追加(对方已损精力*0.2)固伤（上限80）并回复我方全体（对方已损精力*0.2）精力（上限80）；\n②后手时回复自身其他技能1pp。"
}