{
  "pet_name": "煌明火王",
  "keywords": [
    "覆云摇岳",
    "煌明火王"
  ],
  "skill_info": {
    "priority": 15,
    "power": null,
    "pp": 7,
    "type": "火",
    "category": "变化"
  },
  "content": "技能：覆云摇岳\n净化自身异常与负面强化，回复自身60%最大精力，召唤暴晒天气6回合。\n6回合内免疫异常，每回合净化自身负面并令对方一回合内的精力回复效果降低(20+10*成功净化的负面项数)%（上限50%）。"
}