{
  "pet_name": "煌明火王",
  "keywords": [
    "煌明天照",
    "煌明火王",
    "墟之气",
    "气焰凌天"
  ],
  "skill_info": {
    "priority": 12,
    "power": null,
    "pp": 4,
    "type": "火",
    "category": "变化"
  },
  "content": "技能：煌明天照\n本技能免疫删除，仅可被血脉和本技能回复。\n①回复自身[自身最大精力*（31%-1%*墟之气层数）]精力并烧伤对方，失败则令自身威力技能的威力提升（当回合已损精力*0.15）持续4回合，每回合独立计算增幅。\n②删除对方本回合技能（使用前本技能pp+1）pp（上限3pp），造成（50+自身剩余护盾值*0.3）固伤（上限100）。\n③若自身有护盾则回复自身其他技能（使用前本技能pp*0.5）pp（向下取整，其他技能pp均为0时不回复），若自身无护盾则获得（使用前本技能pp*50）护盾（上限150）。\n④回复自身（使用前本技能pp*0.7）精力（向上取整），并令场上双方的非神系技能无法造成克制抵抗关系持续（使用前本技能pp*0.7）回合（向上取整；任一方换宠失效）。\n以上效果结算完毕后清空本技能pp，若烧伤成功则回复本技能1pp。"
}