{
  "pet_name": "煌明火王",
  "keywords": [
    "庸惟墟灭",
    "煌明火王"
  ],
  "skill_info": {
    "priority": 10,
    "power": 100,
    "pp": 12,
    "type": "火",
    "category": "魔法"
  },
  "content": "技能：庸惟墟灭\n若自身无护盾则获得（10*对方最近使用技能速度值）护盾。\n令场上天气/环境的持续回合减少2回合，根据本回合出招先后追加效果：\n  ①先手时额外减少场上天气/环境1回合；\n  ②后手降低自身物攻1级（最多降低至-2级）。\n然后根据场上是否存在天气/环境追加效果：\n  ①若场上仍有天气/环境：追加（剩余回合数）段[对方精力上限*（8%+2%*自身负面等级数）]固伤（最多2段；每段固伤上限为对方精力上限的12%），删除对方本回合技能（2+剩余回合数*0.4）pp（向下取整，上限4）；\n  ②若场上无天气/环境：追加（敌方已损精力*0.2）固伤（上限110），删除对方全体技能2pp并令双方每次使用非火系技能额外消耗1pp持续4回合（任一方换宠失效）。"
}