{
  "pet_name": "煌明火王",
  "keywords": [
    "气焰凌天",
    "煌明火王",
    "煌明天照"
  ],
  "skill_info": {
    "priority": 11,
    "power": null,
    "pp": 8,
    "type": "火",
    "category": "变化"
  },
  "content": "技能：气焰凌天\n①若对方有正面强化且免疫负面则强制清除其正面强化（全局最多触发一次）。\n②恐惧对方，被免疫则清除对方正面强化（非强制），若敌方存在正面强化但免疫负面则令其下场时正面强化消失。\n③造成（对方不计强化的魔抗能力值*0.2+10*重置强化后对方的魔抗强化）固伤。\n④若自身未携带煌明天照则删除对方全体技能1pp并回复自身其他技能1pp，回复自身[（2+我方火系宠物数*1，上限5）*20]点精力值，并令自身威力技能的威力提升（10+我方火系宠物数*5+双方正负面强化等级之和*5）持续（2+我方火系宠物数*1，上限5）回合。"
}