{
  "pet_name": "寂夜魔王",
  "keywords": [
    "呼星唤魅",
    "寂夜魔王",
    "血之传承"
  ],
  "skill_info": {
    "priority": 9,
    "power": 120,
    "pp": 12,
    "type": "恶魔",
    "category": "物理"
  },
  "content": "技能：呼星唤魅\n以下效果均在命中后生效，自身血之传承达到5层时必中。\n①攻击新目标时必中且删除对方全体技能1pp并获得额外获得1层血之传承。\n②回复自身其他技能1pp，若对方无强化或不免疫负面强化则删除对方全体技能1pp（同时满足不叠加）。\n\n③强化自身1级物攻（上限2级）再造成威力伤害，然后追加一段(对方剩余精力*0.15+10*自身血之传承层数)固伤（上限150），获得与固伤等额的护盾（不叠加），对敌方场下全体造成固伤*80%的波及伤害；本次威力伤害被抵抗则追加的固伤额度提升至(对方剩余精力*0.2+10*自身血之传承层数)固伤（上限150）。"
}