{
  "pet_name": "寂夜魔王",
  "keywords": [
    "寂愁不寐",
    "寂夜魔王",
    "血之传承"
  ],
  "skill_info": {
    "priority": 15,
    "power": null,
    "pp": 6,
    "type": "恶魔",
    "category": "变化"
  },
  "content": "技能：寂愁不寐\n净化自身并回复60%精力，召唤暗黑城环境6回合。\n\n6回合内免疫异常和负面并根据血之传承标记数追加效果（实时计算）：\n\n自身受到的任意伤害减少（25+2n）%。\n\nn为血之传承标记层数。"
}