{
  "pet_name": "寂夜魔王",
  "keywords": [
    "漆骨生花",
    "寂夜魔王",
    "血之传承"
  ],
  "skill_info": {
    "priority": 10,
    "power": 120,
    "pp": 10,
    "type": "恶魔",
    "category": "物理"
  },
  "content": "技能：漆骨生花\n当血之传承标记数≥3时必中。\n\n①攻击命中新目标时，额外提升15*（3-n）威力（提升额度至少为0）并额外获得一层血之传承标记。\n\n②召唤血月天气4回合并在威力伤害后追加（20+15n）固伤。\n\n③若对方无正面强化或者不免疫负面强化（满足其一即可，不叠加），则删除对方最近使用的技能2pp，对方有任意正负面强化时删除量+1。\n\n④根据自身剩余血量追加效果：\n\n若≤30%则回复自身（自身已损精力*0.3+20n）精力，反之则回复我方存活队友（本次威力伤害*0.3+20n）精力。\n\n本技能miss则无任何效果。\n\nn为血之传承标记层数。"
}