{
  "pet_name": "寂夜魔王",
  "keywords": [
    "堕魂冥焰",
    "寂夜魔王",
    "血之传承"
  ],
  "skill_info": {
    "priority": 11,
    "power": null,
    "pp": 10,
    "type": "恶魔",
    "category": "变化"
  },
  "content": "技能：堕魂冥焰\n令对方恐惧并重置其正面强化（非强制），然后追加效果（按顺序触发）：\n\n①若对方不处于恐惧状态则删除对方全体技能1pp；\n\n②若对方仍有正面强化则删除对方全体技能1pp；\n\n③若同时触发①和②再额外删除对方全体技能1pp；\n\n④造成一段额度为 [(对方正面强化等级+对方空pp技能数+我方正面强化等级+我方空pp技能数)*75+(20~50之间的随机数)]的固伤（其中我方正面强化等级与我方空pp技能数总共最多计为2）。\n\n根据本回合是否受到先手伤害追加效果：\n\n①若受到先手伤害则令对方本回合所用技能后续3次使用无法命中（任意一方换下均不失效），且自身免疫异常3回合；\n\n②若未受到先手伤害则令对方精力回复效果降低（15+5n）%三回合，且在本回合受到首段后手伤害后回复自身（0.25*已损精力）血量（伤害致死时不触发）。\n\nn为血之传承标记层数。"
}