{
  "pet_name": "硕果格兰",
  "keywords": [
    "春水淙淙",
    "硕果格兰",
    "夏木阴阴",
    "秋月朗朗",
    "冬雪霏霏"
  ],
  "skill_info": {
    "priority": 12,
    "power": 120,
    "pp": 6,
    "type": "水",
    "category": "魔法"
  },
  "content": "技能：春水淙淙\n净化自身异常与负面，回复自身400精力。\n\n免疫异常6回合，回合内有以下效果：\n\n①自身每次受到的威力伤害减少(50+自身最近一次受到的固伤)（上限150）；\n\n②自身阵亡时，将对手双攻强化置于-2级（强制）。\n\n若自身上回合使用的是冰系技能，则威力伤害前对对手造成(80威力，不计双方魔攻魔防强化，波动系数取1的冰系魔法伤害)固伤，否则威力伤害后对自身造成(威力伤害*0.2)固伤（上限150）。"
}