{
  "pet_name": "硕果格兰",
  "keywords": [
    "秋月朗朗",
    "硕果格兰",
    "春水淙淙",
    "夏木阴阴",
    "冬雪霏霏"
  ],
  "skill_info": {
    "priority": 10,
    "power": 120,
    "pp": 12,
    "type": "光",
    "category": "魔法"
  },
  "content": "技能：秋月朗朗\n删除对手全技能1PP，回复自身180精力。\n\n重置自身除魔攻正面强化外的正面强化，提升自身(1+重置的强化等级*0.5)级魔攻强化（向上取整；上限3级）。\n\n若对手本回合技能的属性与对手主属性相同，则追加(25*与对手主属性相同属性的技能数)固伤，否则删除与对手主属性不同属性的技能各1PP。\n\n若自身上回合使用的是草系技能，则威力伤害前对对手造成(80威力，不计双方魔攻魔防强化，波动系数取1的草系魔法伤害)固伤，否则威力伤害后对自身造成(威力伤害*0.2)固伤（上限150）。"
}