{
  "pet_name": "硕果格兰",
  "keywords": [
    "冬雪霏霏",
    "硕果格兰",
    "春水淙淙",
    "夏木阴阴",
    "秋月朗朗"
  ],
  "skill_info": {
    "priority": 9,
    "power": 120,
    "pp": 12,
    "type": "冰",
    "category": "魔法"
  },
  "content": "技能：冬雪霏霏\n冰冻对手，删除对手最近使用技能3PP，回复自身其他技能1PP。\n\n净化自身异常与负面，净化成功则额外回复本技能1PP。\n\n若自身当前精力≥(自身最大精力*0.5)，则造成(威力伤害*0.3)波及伤害；\n\n若自身当前精力＜(自身最大精力*0.5)，则获得(威力伤害*0.5)护盾（不叠加，上限200）。\n\n若自身上回合使用的是光系技能，则威力伤害前对对手造成(80威力，不计双方魔攻魔防强化，波动系数取1的光系魔法伤害)固伤，否则威力伤害后对自身造成(威力伤害*0.2)固伤（上限150）。"
}