{
  "pet_name": "硕果格兰",
  "keywords": [
    "乱花迷眼",
    "硕果格兰"
  ],
  "skill_info": {
    "priority": 9,
    "power": 120,
    "pp": 10,
    "type": "草",
    "category": "魔法"
  },
  "content": "技能：乱花迷眼\n以下效果均在命中后生效。\n强化自身1级魔攻再造成伤害（魔攻上限3级）。\n召唤芬芳环境5回合，召唤失败且自身魔攻等级≤1则额外提升1级物攻（上限3级）。\n若对方无异常负面则回复自身其他技能1pp，若对方存在任意异常负面则解除对方随机一项异常负面并随机转化为另一种异常或相同等级的负面。"
}