{
  "pet_name": "硕果格兰",
  "keywords": [
    "夏木阴阴",
    "硕果格兰",
    "春水淙淙",
    "秋月朗朗",
    "冬雪霏霏"
  ],
  "skill_info": {
    "priority": 11,
    "power": 120,
    "pp": 12,
    "type": "草",
    "category": "魔法"
  },
  "content": "技能：夏木阴阴\n以下效果均在命中后生效。\n\n回复我方场下存活宠物(威力伤害*0.3)精力。\n\n召唤芬芳环境5回合，召唤失败则随机召唤阴雨/曙光/冰雹天气持续(原天气回合数*1)回合。\n\n寄生对手，5回合内敌方换上的宠物获得寄生异常（我方阵亡或换下失效）。\n\n若自身上回合使用的是水系技能，则威力伤害前对对手造成(80威力，不计双方魔攻魔防强化，波动系数取1的水系魔法伤害)固伤，否则威力伤害后对自身造成(威力伤害*0.2)固伤（上限150）。"
}