{
  "pet_name": "乾坤武圣",	
  "keywords": [
    "威光赫奕",
    "魔障",
    "斩业之力",
    "般若澄明",
    "乾坤武圣"
  ],
    "skill_info": {
    "priority": 10,
    "power": 80,
    "pp": 10,
    "type": "武",
    "category": "物理"
  },
  "content": "技能：威光赫奕\n以下效果均在命中后生效。\n\n主动使用时若命中则额外发动（1+0.5*本回合对手后手伤害段数，向上取整，上限4）回合；若对手存在陷入魔障的宠物则先手值额外+1（可与血脉效果叠加，即+3）。\n每回合：若本回合双方使用的技能类型一致则本技能必中，否则删除对手当回合所用技能2PP。\n首回合：4层斩业之力时，若双方使用技能类型一致则消耗全部斩业之力后，使对手陷入魔障并回复自身80点精力。\n后续回合：根据自身当回合所用技能的类型追加效果：\n● 威力技能：本技能提升（15%*自身已损精力，上限70）点威力；\n● 变化技能：获得闪避1回合。\n\n*魔障全局有效。\n*斩业之力层数随自身换下重置，上限4层。"
}