{
  "pet_name": "乾坤武圣",	
  "keywords": [
    "万象云何",
    "斩业之力",
    "般若澄明",
    "乾坤武圣"
  ],
    "skill_info": {
    "priority": 10,
    "power": 90,
    "pp": 12,
    "type": "武",
    "category": "物理"
  },
  "content": "技能：万象云何\n累计使用次数效果必中，其余效果均在命中后生效，自身当前精力值≤对手时必中。\n\n（1）提升（15*本次在场本技能累计使用次数，上限110）点威力。（先累计次数，再计算威力）\n（2）威力伤害前降低对手1级物防（非强制）并删除对手上回合技能2PP，降低失败则使PP删除量+2且召唤化境环境3回合。\n（3）斩业之力层数≥2时：本技能造成的威力伤害不会被抵抗，若对手存在空PP技能则回复自身其他威力技能1PP。\n（4）威力伤害后根据双方当前精力高低追加效果：\n● 自身精力≤对手精力：自身下一次主动使用威力技能时提升80点威力；\n● 自身精力＞对手精力：追加（25%*对手已损精力，上限120）点固伤。\n\n*斩业之力上限4层，自身换下失效。"
}