{
  "pet_name": "乾坤武圣",	
  "keywords": [
    "涤尘净心",
    "魔障",
    "斩业之力",
    "乾坤武圣"
  ],
    "skill_info": {
    "priority": 15,
    "power": null,
    "pp": 6,
    "type": "武",
    "category": "变化"
  },
  "content": "技能：涤尘净心\n被动免疫恐惧。\n\n净化自身异常和负面，回复自身50%最大精力，免疫异常并召唤化境环境6回合，回合内：\n（1）自身免疫驱逐效果，场上双方均无法造成概率性暴击（均随自身换下失效，不会覆盖队友提供的免疫驱逐和概率暴击效果）；\n（2）每次受到的固伤降低（60+10*敌方带有魔障标记的宠物总数）点（至多降低为1，不减免环境固伤）；\n（3）主动使用威力技能攻击持有护盾的对手时，结算威力伤害时将自身物攻视为1级。\n\n被动效果：携带本技能时，有以下效果：\n（1）自身满足以下条件时，获得1层斩业之力（各条件独立计算）：\n● 每主动行动2次（包括主动换上、使用技能、使用道具等）；\n● 每受到2次对手主动使用技能造成的克制伤害；\n● 主动使用技能每造成2次抵抗伤害。\n（2）据自身持有斩业之力，获得以下效果：\n● 主动使用威力技能提升（15*斩业之力层数）点威力；\n● 受到的威力伤害降低（25%+5%*斩业之力层数，上限40%）；\n● 精力回复效果提升（5%*斩业之力层数）。\n\n*魔障全局有效；斩业之力上限4层，自身换下失效。"
}