{
  "pet_name": "乾坤武圣",	
  "keywords": [
    "一默如雷",
    "魔障",
    "斩业之力",
    "般若澄明",
    "乾坤武圣"
  ],
    "skill_info": {
    "priority": 9,
    "power": 120,
    "pp": 12,
    "type": "武",
    "category": "物理"
  },
  "content": "技能：一默如雷\n（1）提升（30*敌方场下陷入魔障的宠物数，上限130）点威力。\n（2）删除对手全技能1PP，自身存在空PP技能时删除量+1。\n（3）恐惧对手并回复自身其他技能1PP（判定删PP后再回复）。\n（4）追加（120威力，以【般若澄明】所记录属性计算克制关系的物理伤害，上限200）点固伤。\n（5）以上效果结束后若斩业之力已满4层则根据对手空PP技能数追加效果：\n● 对手空PP技能数＜2：赋予对手30点护盾；\n● 对手空PP技能数≥2：消耗2层斩业之力追加9999点固伤，回复自身25%最大精力与本技能1PP。（对boss无效）\n\n*魔障全局有效；斩业之力上限4层，自身换下失效。"
}