{
  "pet_name": "乾坤武圣",	
  "keywords": [
    "般若澄明",
    "斩业之力",
    "威光赫奕",
    "万象云何",
    "一默如雷",
    "乾坤武圣"
  ],
    "skill_info": {
    "priority": 11,
    "power": null,
    "pp": 10,
    "type": "武",
    "category": "变化"
  },
  "content": "技能：般若澄明\n（1）造成（15%*自身基础物攻值+30%*对手护盾值，上限150）点固伤并回复自身等量精力，后续2回合自身主动使用【威光赫奕】/【万象云何】/【一默如雷】后回复自身（40+25%*威力伤害，上限120）点精力。\n（2）若对手任意一项正面强化等级数≥自身斩业之力层数，则强制重置对手所有正面强化并将之锁定1回合（自身立即换下则延续至对手换下）；否则净化自身异常和负面。\n（3）若对手本回合使用了翼/萌/神系技能则追加（50*对手携带的该属性技能数）点固伤并记录该属性（再次使用若记录到新的属性则替换原记录）。\n（4）仅在后手时根据对手本回合所用技能类型追加效果：\n● 威力技能：下回合自身主动使用威力技能必定暴击；\n● 变化技能：持有斩业之力时消耗1层斩业之力，删除对手PP最少的技能2PP并将对手驱逐下场（删除PP时排除免删及已空的技能；驱逐效果每次在场最多触发1次）。\n\n*斩业之力上限4层，自身换下失效。"
}