{
  "pet_name": "凌羽圣翼王",
  "keywords": [
    "驰光绝景",
    "凌羽圣翼王",
    "化羽归尘",
    "层岚风切",
    "行空驭气"
  ],
  "skill_info": {
    "priority": 11,
    "power": 70,
    "pp": 10,
    "type": "翼",
    "category": "魔法"
  },
  "content": "技能：驰光绝景\n威力伤害及首回合先手时的免疫消强与删pp、回pp效果仅在命中后生效，其余效果均必中。\n每回合独立判定命中，首回合miss不影响后续连击。\n首回合效果：\n先手出招时必定暴击且免疫后手非强制消强，删除对方全体技能1pp并回复自身全体技能（化羽归尘、层岚风切除外）1pp，若自身魔攻等级≤0则闪避对方后手非必中技能，并对敌方全体造成(威力伤害*0.5)伤害。\n后手出招时威力提升至80，删除对方最近使用技能(1+自身正负面强化项数)pp并回复自身最近使用技能（化羽归尘、层岚风切除外）1pp，额外发动本技能2回合。\n额外回合效果：\n每回合删除对方最近使用技能(1+自身正负面强化项数)pp并回复自身最近使用技能（化羽归尘、层岚风切除外）1pp。\n先手出招时必定暴击且删除对方最近使用技能1pp（本技能总pp删除量上限为3）并回复行空驭气1pp。\n后手出招时威力提升至80。"
}