{
  "pet_name": "凌羽圣翼王",
  "keywords": [
    "化羽归尘",
    "凌羽圣翼王",
    "虹起烟霄",
    "驰光绝景",
    "重明万方"
  ],
  "skill_info": {
    "priority": 13,
    "power": null,
    "pp": 4,
    "type": "翼",
    "category": "魔法"
  },
  "content": "技能：化羽归尘\n所有效果必中。\n\n反弹对方的后手攻击，若自身存在异常状态或负面强化则降低自身1级速度并清空对方本回合所用技能pp值。\n\n免疫异常1回合，若自身无负面强化且拥有任意一项≥3级的强化，则令自身各项正面强化减半（向上取整）并回复本技能1pp。\n\n*注：战斗信息可能提示“可惜没有命中”，不影响本技能实际效果，但可能触发部分技能“闪避成功”的判定。"
}