{
  "pet_name": "凌羽圣翼王",
  "keywords": [
    "羽刃旋风",
    "凌羽圣翼王"
  ],
  "skill_info": {
    "priority": 10,
    "power": 100,
    "pp": 10,
    "type": "翼",
    "category": "魔法"
  },
  "content": "技能：羽刃旋风\n若我方场下宠物系别数≥对方时本技能必中。\n根据我方场下宠物的系别数n追加效果：\n[1, 3]：清除对方正面强化（非强制），删除对方全体技能2pp。\n[4, 6]：强制清除对方正面强化，删除对方全体技能2pp。\n[7, 10]：强制清除对方正面强化，删除对方全体技能2pp，并对敌方全体造成（40*清除的正面强化等级）伤害（上限240）。"
}