{
  "pet_name": "凌羽圣翼王",
  "keywords": [
    "虹起烟霄",
    "凌羽圣翼王",
    "化羽归尘"
  ],
  "skill_info": {
    "priority": 10,
    "power": 110,
    "pp": 12,
    "type": "翼",
    "category": "魔法"
  },
  "content": "技能：虹起烟霄\n若自身魔攻强化等级≥0则强化自身魔攻1级（上限4级）再造成伤害，若自身魔攻强化等级<0则降低自身1级魔攻（下限-3级）并视自身魔攻负面为正面再造成伤害。\n删除对方全体技能1pp。\n若场上为除疾风以外的天气则清除之，额外删除对方全体技能1pp并免疫敌方后手威力伤害；\n若场上无天气/环境或为任意环境，技能威力提升至130。\n若出招前受到先手伤害，回复自身(自身不计强化的魔攻能力值*0.16)精力，回复我方场下当前血量最低宠物(自身不计强化的魔攻能力值*0.4)精力；\n若出招前未受到先手伤害，对敌方场下当前精力最高宠物造成(自身不计强化的魔攻能力值*0.3)固伤，若自身携带化羽归尘技能则降低自身1级速度，未携带化羽归尘则降低自身1级闪避。"
}