{
  "pet_name": "凌羽圣翼王",
  "keywords": [
    "重明万方",
    "凌羽圣翼王",
    "化羽归尘",
    "行空驭气"
  ],
  "skill_info": {
    "priority": 10,
    "power": null,
    "pp": 10,
    "type": "翼",
    "category": "变化"
  },
  "content": "技能：重明万方\n令对方混乱，混乱成功则回复自身其他技能3pp并删除对方全体技能3pp，混乱失败则令对方本回合技能后续3次使用无法命中（任一方换下均不失效）。\n删除对方全体技能(自身异常与负面项数之和)pp（本技能总pp删除量上限为5），然后净化自身异常，对敌方造成(对方护盾值+50)固伤，回复自身30%最大精力，免疫异常4回合。\n记录敌方当回合使用的技能（任一方换宠则记录失效），若敌方3回合内再次使用该技能则会在结算完毕后降低自身1级物攻。\n若对方不免疫任意一种异常：若自身携带化羽归尘则降低自身1级速度，未携带化羽归尘则降低自身1级闪避。\n自身未携带行空驭气时，回血量提升至50%（上限400），4回合内自身所受威力伤害降低(1/3+5%*自身负面强化项数)（上限50%），造成固伤前会获得(对方护盾值+50)护盾（可叠加，上限300）。"
}