{
  "pet_name": "凌羽圣翼王",
  "keywords": [
    "行空驭气",
    "凌羽圣翼王",
    "层岚风切",
    "驰光绝景",
    "重明万方"
  ],
  "skill_info": {
    "priority": 15,
    "power": null,
    "pp": 6,
    "type": "翼",
    "category": "变化"
  },
  "content": "技能：行空驭气\n回复两段精力，分别为（自身全体技能先手度之和）和（50%最大精力）。\n\n净化自身异常状态和魔攻负面强化。免疫异常状态并召唤疾风天气6回合。\n\n6回合内：限制自身受到的每段伤害不超过220，触发限伤时先回复80精力再结算伤害。\n\n若自身携 secretário有负面强化或者回血未溢出，则限伤额度变化为200，相应回血额度提升至100。\n\n若使用本技能后回血溢出，则回合内自身技能威力提升 [ 0.7*溢出部分回血量/自身最大血量 ]，至少提升20%。\n\n若未携带层岚风切，则每回合首次受到伤害无论是否触发限伤均会回复对应额度精力。\n\n*判断是否溢出时，仅计算（0.5*最大精力）的部分回血，不计入（自身全体技能先手度之和）的部分，即实际为判定使用技能前自身血量是否低于50%，\n\n判定、计算溢出回血时不受到降低治疗与屏蔽治疗效果的影响。"
}