{
  "pet_name": "诺格佩勒",
  "keywords": [
    "绛明天墟",
    "诺格佩勒",
    "狂暴"
  ],
  "skill_info": {
    "priority": 10,
    "power": 125,
    "pp": 12,
    "type": "神火",
    "category": "物理"
  },
  "content": "技能：绛明天墟\n①净化自身异常并重置正负面强化（强制但不穿透锁强），成功净化任意异常或重置任意强化则删除对方全体技能1pp。\n\n②降低对方max[（净化异常项数+重置的双攻强化等级数+重置的非双攻强化等级数*2），（对方携带的正面强化等级数）]级防御再造成伤害（非强制，至少降低1级，最多降低3级）。\n\n③若降低对方防御失败（不包括因【圣光祝福】造成对方处于“强化锁定”状态而降低失败的情况），则额外删除全体技能1pp，召唤风林火山环境3回合并根据（应降低的防御等级数）追加效果：若为1则提升10威力；若≥2则必定暴击。\n\n④若处于狂暴状态，则额外回复自身（0.35*本次威力伤害）精力（上限180）。\n\n⑤若自身不计强化的物攻能力值＞魔攻能力值则本技能必中并额外删除对方全体技能1pp。\n\n上述删除pp效果可以叠加，但总删除量上限为2。\n\n本技能miss则无任何效果。"
}