{
  "pet_name": "诺格佩勒",
  "keywords": [
    "羲庭伏波",
    "诺格佩勒",
    "乾明四至"
  ],
  "skill_info": {
    "priority": 12,
    "power": 75,
    "pp": 10,
    "type": "神火",
    "category": "物理"
  },
  "content": "技能：羲庭伏波\n威力伤害非必中，其余效果必中。首回合miss不影响后续连击。\n连续2回合攻击对方，若首回合场上无环境则额外发动1回合；若自身物攻能力值≥魔攻能力值，则首回合攻击类型为物攻、后续2回合为魔攻，否则首回合攻击类型为魔攻、后续2回合为物攻（比较时不计强化）。\n①每回合：免疫对方后手施加的异常，对敌方场下血量高于60%的宠物造成与本次威力伤害相等的波及伤害（上限50）。\n②首回合：重置对方双攻正面强化（非强制），威力提升[10*(4-乾明四至pp值-自身双攻正面强化等级)]（至少提升0）；若攻击的是新目标则净化自身异常、回复自身30%最大精力、获得2回合异常免疫，若攻击的不是新目标则诅咒对方。\n③次回合：重置对方除双攻以外的正面强化（非强制），召唤风林火山环境5回合。\n④末回合：重置对方负面强化（非强制），召唤暴晒天气5回合。"
}