{
  "pet_name": "诺格佩勒",
  "keywords": [
    "若木凰仪",
    "诺格佩勒",
    "乾明四至",
    "狂暴"
  ],
  "skill_info": {
    "priority": 10,
    "power": null,
    "pp": 10,
    "type": "神火",
    "category": "变化"
  },
  "content": "技能：若木凰仪\n召唤暴晒天气6回合。\n\n①若自身上次主动行动未使用变化技能（包括上回合使用了威力技能和未检测到上回合使用技能的情况）则令对方恐惧，对方免疫恐惧时：\n若自身有耗尽pp的技能则回复其他技能1pp，否则回复首格技能2pp（判定pp耗尽与读取首格技能均排除本技能和乾明四至）。\n若处于狂暴状态，额外回复本技能1pp。\n\n②若对方本回合所用技能类型（变化或威力）与自身上回合所用技能一致则删除对方本回合所用技能6pp并吸取（35*实际删除量）精力，否则降低其25%的治疗效果持续3回合。\n\n③若对方本回合使用威力技能，则令此技能在3回合内造成的威力伤害降低 [ 10*（4-乾明四至技能pp值+自身绝对值最大的一项负面强化等级数）]%，减免上限为40%，任意一方换下失效。\n\n④若对方本回合使用变化技能，令对方所有变化技能后续3次使用无法命中（每个技能单独计数，任意一方换下均不失效）。"
}