{
  "pet_name": "诺格佩勒",
  "keywords": [
    "金灯烛夜",
    "诺格佩勒",
    "狂暴"
  ],
  "skill_info": {
    "priority": 11,
    "power": 100,
    "pp": 12,
    "type": "神火",
    "category": "魔法"
  },
  "content": "技能：金灯烛夜\n①先净化自身，净化后若自身魔攻等级＜1则强化1级魔攻再造成伤害。\n\n②若净化成功则获得一回合闪避并额外强化（净化的异常项数+净化的负面等级数）级魔攻（强化前的等级＜3则最高提升至3，原等级≥3则不提升）。\n\n③若对方免疫负面强化则删除对方全体技能1pp并追加一段固伤。固伤额度等同于自身对敌方造成一段20威力的神火系伤害（取浮动区间最大值，考虑双方强化）。\n\n④若处于狂暴状态，则额外回复自身（0.35*本次威力伤害）精力（上限180）。\n\n⑤若自身不计强化的魔攻能力值＞物攻能力值则本技能必中并额外删除对方全体技能1pp，效果①中提升魔攻的触发条件改为“魔攻等级＜3”。\n\n本技能miss则无任何效果。"
}