{
  "pet_name": "诺格佩勒",
  "keywords": [
    "乾明四至",
    "诺格佩勒",
    "狂暴",
    "王权不落",
    "若木凰仪",
    "羲庭伏波"
  ],
  "skill_info": {
    "priority": 15,
    "power": null,
    "pp": 4,
    "type": "神火",
    "category": "变化"
  },
  "content": "技能：乾明四至\n被动免疫诅咒。\n\n①净化自身并回复max[10%最大精力，20%最大精力*（3-本技能pp余量）]精力，并根据本技能pp余量获得额外回复：\n若pp余量≥2：回血量增加（0.25*自身已损精力）；\n若pp余量=1：额外回复其他技能1pp；\n若pp余量=0：先回复其他技能1pp，然后回复pp余量最少的威力技能1pp（左优先）并回复（目标技能的出招速度）精力。\n\n②6回合内自身免疫异常，并令自身受到的每段任意伤害（神火系威力伤害除外）减免（40+15*本技能pp余量）点（减伤效果会覆盖王权不落血脉的效果②，不叠加）。\n\n③召唤风林火山环境6回合。\n\n④以上效果结算完毕后回满本技能pp；若连续使用本技能3次则清空本技能pp。\n\n⑤未携带本技能时，其他技能中与本技能pp值有关的效果均将本技能pp视为4。\n携带了本技能且pp余量为0时，视为进入狂暴状态。\n\n⑥主动使用其他技能时删除本技能1pp，在狂暴状态下自身永久免疫异常。\n\n本技能pp值免疫删除，且仅能在触发王权不落血脉的复生效果时被回复。"
}