{
  "pet_name": "踏云蹦影",
  "keywords": [
    "竹影凝弦",
    "踏云蹦影"
  ],
  "skill_info": {
    "priority": 11,
    "power": null,
    "pp": 6,
    "type": "草",
    "category": "变化"
  },
  "content": "技能：竹影凝弦\n提升自身1级魔攻强化。\n\n回复我方场下当前精力最低存活宠物(自身最大精力*0.3)精力，并回复该宠物全技能(各技能PP上限*0.3)PP（宠物判定靠左优先；PP回复量向上取整）。\n\n*为场下宠物回复PP值时为其强化1级物攻后再降低其1级物攻。（此效果用于提醒双方被回复pp的是哪个宠物）"
}