{
  "pet_name": "踏云蹦影",
  "keywords": [
    "清歌润雨",
    "踏云蹦影",
    "碧海灵韵"
  ],
  "skill_info": {
    "priority": 12,
    "power": null,
    "pp": 8,
    "type": "草",
    "category": "变化"
  },
  "content": "技能：清歌润雨\n免疫异常并发动技能均持续3回合。\n\n每回合：\n\n回复我方全体存活宠物（自身计算强化的魔攻能力值*0.3）精力。\n\n首回合额外：\n\n净化自身异常与负面，召唤芬芳环境5回合，免疫异常2回合。\n\n末回合额外：\n\n提升自身2级魔攻强化，回复自身“碧海灵韵”技能2PP。"
}