{
  "pet_name": "踏云蹦影",
  "keywords": [
    "踏云逐月",
    "踏云蹦影"
  ],
  "skill_info": {
    "priority": 10,
    "power": 100,
    "pp": 15,
    "type": "神草",
    "category": "魔法"
  },
  "content": "技能：踏云逐月\n我方阵亡队友数多于敌方时，提升（25*双方阵亡队友数之差）点威力。\n威力伤害前重置对手正面强化（非强制），重置失败则追加（100%*威力伤害）点固伤，重置成功或对手无正面强化则回复自身（100%*威力伤害）点精力。"
}