{
  "pet_name": "踏云蹦影",
  "keywords": [
    "舞月追云",
    "踏云蹦影",
    "碧海灵韵"
  ],
  "skill_info": {
    "priority": 8,
    "power": 100,
    "pp": 10,
    "type": "草",
    "category": "魔法"
  },
  "content": "技能：舞月追云\n召唤芬芳环境5回合，删除对手全技能2PP。\n\n召唤成功则重置对手正面强化（非强制），回复自身“碧海灵韵”技能1PP；\n\n召唤失败则重置强化效果变为强制，额外删除对手全技能1PP。"
}