{
  "pet_name": "踏云蹦影",
  "keywords": [
    "碧海灵韵",
    "踏云蹦影",
    "清歌润雨",
    "舞月追云"
  ],
  "skill_info": {
    "priority": 15,
    "power": null,
    "pp": 4,
    "type": "草",
    "category": "变化"
  },
  "content": "技能：碧海灵韵\n净化自身异常与负面，回复我方全体存活宠物[自身最大精力*(1-0.25*使用后本技能PP值)]精力，免疫异常5回合。\n\n首回合根据场上是否为芬芳环境触发效果：\n\n若场上为芬芳环境，则回复自身本技能2PP；\n\n若场上不为芬芳环境，则回复自身其他技能1PP，并额外回复自身(80*回复精力前我方场下精力低于其最大精力30%的存活宠物数)精力。"
}