{
  "pet_name": "伊西希斯",
  "keywords": [
    "云行月涌",
    "伊西希斯",
    "望月"
  ],
  "skill_info": {
    "priority": 10,
    "power": 115,
    "pp": 12,
    "type": "翼",
    "category": "魔法"
  },
  "content": "技能：云行月涌\n以下效果均在命中后生效，若自身存在异常则必中。\n\n删除对手本回合技能3PP，回复自身首格技能1PP。\n\n威力伤害前造成(40+25*双方异常与负面项数和)固伤（上限150）。\n\n若自身当前精力≥对手，则对自身造成(自身当前精力*0.15)固伤并提升[基础威力*(本次对自身造成的固伤，最多计入80)*0.01]点威力。\n\n根据自身当前精力回复效果系数追加效果（效果可叠加；不计瘴气环境的降疗系数）：\n①若精力回复系数≤80%，则回复我方全体存活宠物(自身已损精力*0.3)精力（上限180）并额外追加(回复精力前自身已损精力*0.4)固伤（上限150）；\n②若精力回复系数≤70%，则威力伤害前破除对手护盾，若自身存在异常或负面则回复自身全技能1PP并净化自身。"
}