{
  "pet_name": "伊西希斯",
  "keywords": [
    "擎琼引雪",
    "伊西希斯",
    "望月"
  ],
  "skill_info": {
    "priority": 10,
    "power": 120,
    "pp": 12,
    "type": "冰",
    "category": "魔法"
  },
  "content": "技能：擎琼引雪\n冰冻对手，删除对手全技能1PP。\n\n若自身存在异常或负面，则造成威力伤害时无视对手魔防正面强化。\n\n若自身当前精力＜对手，则3回合内使对手精力回复量减少50点。\n\n若自身持有“望月”标记则消耗1层“望月”并回复自身(剩余“望月”层数*1)精力，威力伤害前召唤冰雹天气持续(剩余“望月”层数*1)回合（至少1回合），然后根据剩余层数追加效果（可叠加）：\n①若剩余“望月”层数≤2，则提升(基础威力*1)威力并在威力伤害后追加(50+对手已损精力*0.15)固伤（上限150）；\n②若剩余“望月”层数≤1，则额外删除对手全技能1PP并使得对手下一回合精力回复量额外减少100点。"
}