{
  "pet_name": "伊西希斯",
  "keywords": [
    "雪域誓约",
    "伊西希斯",
    "望月"
  ],
  "skill_info": {
    "priority": 15,
    "power": null,
    "pp": 6,
    "type": "冰",
    "category": "变化"
  },
  "content": "技能：雪域誓约\n被动免疫寄生。\n\n回复自身(自身最大精力*0.5+50*自身异常与负面项数和)精力（上限500），自身存在异常或负面时回复自身全技能(1+自身异常或负面项数*0.5)PP（向下取整，上限3）。\n\n以上效果结算完毕后净化自身异常与负面，将自身“望月”标记层数置为5层。\n\n召唤冰雹天气7回合，7回合内有以下效果：\n①自身受到的威力伤害降低25%；\n②自身每回合首次受到对手使用火/石/武/机械/神火/神水/神草系技能造成的威力伤害时，消耗自身1层“望月”令该技能的威力减少30点；\n③自身每回合首次被施加控制异常时，消耗自身1层“望月”令该控制异常随机转换为1项掉血异常；\n通过效果②或③消耗“望月”后，回复自身(剩余“望月”层数*1)精力。"
}