{
  "pet_name": "伊西希斯",
  "keywords": [
    "霜华绽放",
    "伊西希斯",
    "望月"
  ],
  "skill_info": {
    "priority": 11,
    "power": 130,
    "pp": 10,
    "type": "冰",
    "category": "魔法"
  },
  "content": "技能：霜华绽放\n提升(对手当前精力*0.1)威力（上限120）。\n\n回复我方全体存活宠物(自身当前精力*0.15)精力，使自身下一次主动使用威力技能的先手值加1（不叠加，自身换下重置）。\n\n若自身持有“望月”标记则清除场上非冰雹的天气/环境，清除成功时消耗1层“望月”并回复自身上回合技能2PP并回复自身(剩余“望月”层数*1)精力。\n\n根据本回合我方先后手追加效果：\n①若先手，则令对手后手造成的每段固伤减少(30+10*自身“望月”层数)点；\n②若后手（均需觉醒“盈亏流转”血脉），则额外降低自身10%精力回复效果，回复自身（0.25*“望月”层数为0时提升的威力额度部分）精力，回复我方全体存活队友50精力。"
}