{
  "pet_name": "伊西希斯",
  "keywords": [
    "素晖疗魂",
    "伊西希斯",
    "望月"
  ],
  "skill_info": {
    "priority": 11,
    "power": null,
    "pp": 8,
    "type": "冰",
    "category": "变化"
  },
  "content": "技能：素晖疗魂\n免疫异常1回合，回复自身(自身已损精力*0.4)精力（上限200），并为对手回复[对自身实际精力回复量*(200%-自身当前精力回复效果系数)]精力，再对敌方场下造成(上述计算得到的精力回复量-回复精力前对手已损精力)波及伤害（下限0）。\n\n根据自身当前精力回复效果系数追加效果（效果可叠加；不计瘴气环境的降疗系数）：\n①若精力回复系数≤80%，则回复自身威力技能1PP，造成(1+自身异常与负面项数)段、每段额度为(对手最大精力*0.2)的固伤（上限3段，每段额度上限150）；\n②若精力回复系数≤70%，则删除对手全技能2PP，则令对手后手每次造成的威力伤害不超过120点，并令自身下一次主动使用威力技能时将自身魔攻等级视为[自身实际魔攻等级+(1+敌方场下精力＜50%的存活宠物数)]级（自身换下重置）。\n\n以上效果结算完毕后，将自身精力回复效果重置为100%（无法重置优先级更高的降疗效果，如瘴气环境、彻甲/寸劲血脉附带的降疗效果）"
}