{
  "pet_name": "炜煌雷诺",
  "keywords": [
    "炽焱环",
    "炜煌雷诺",
    "焱印"
  ],
  "skill_info": {
    "priority": 9,
    "power": 100,
    "pp": 10,
    "type": "火",
    "category": "物理"
  },
  "content": "技能：炽焱环\n令对手恐惧，被免疫则将自身物攻强化置于(3-我方相邻队友属性总数*0.5)级（向下取整；非强制）。\n\n赋予对手1层“焱印”；若对手“焱印”数=2，则清除其“焱印”，删除对手全技能(我方相邻队友主副属性总数*0.5)PP（向上取整）并追加(本技能上次威力伤害与本次威力伤害总和*0.5)固伤。\n\n若当前对手含有我方相邻队友主副属性中的任一属性，则提升30点威力且回复自身其他威力技能1PP；\n\n若当前对手与我方相邻队友编号相同，则本技能先手值提升至11且先手时回复自身60点精力。\n\n※“焱印”任一方换下失效。\n\n※血脉与专属技能中的“主副属性总数”均不计入重复的属性。"
}