{
  "pet_name": "炜煌雷诺",
  "keywords": [
    "煌荧灼天",
    "炜煌雷诺",
    "炎脉链"
  ],
  "skill_info": {
    "priority": 14,
    "power": null,
    "pp": 7,
    "type": "火",
    "category": "变化"
  },
  "content": "技能：煌荧灼天\n净化自身异常与负面，回复自身(自身最大精力*0.6)精力。\n为自身相邻存活队友提升1级命中再降低1级命中。\n免疫异常并召唤暴晒天气均持续6回合，回合内：\n①受到与我方相邻队友主副属性均不同系别的技能造成的任意伤害时，令本次伤害降低20%。\n②每回合后手时，若自身已觉醒“炎脉链”血脉，则：\n对手先手使用与我方相邻队友主或副属性相同系别的技能造成任意伤害时，发动本技能删除对手威力技能1PP；\n对手先手对我方造成克制伤害时，发动本技能召唤暴晒天气3回合。"
}