{
  "pet_name": "炜煌雷诺",
  "keywords": [
    "聚点阳炎",
    "炜煌雷诺",
    "焱印"
  ],
  "skill_info": {
    "priority": 10,
    "power": null,
    "pp": 11,
    "type": "火",
    "category": "变化"
  },
  "content": "技能：聚点阳炎\n免疫异常2回合，使对手受到的与我方相邻队友主属性或副属性相同系别的威力伤害提升20%持续至对手换下。\n\n造成(自身基础物攻能力值*0.3+20*自身物攻正面强化等级)固伤（上限200）并回复自身等量精力。\n\n若对手不存在“焱印”，则赋予对手1层“焱印”；\n\n若对手已存在“焱印”，则删除对手本回合技能2PP，并在2（与描述不符）回合内闪避对手本回合主动使用的非必中技能（任一方换下失效）。\n\n※“焱印”任一方换下失效。\n\n※血脉与专属技能中的“主副属性总数”均不计入重复的属性。"
}