{
  "pet_name": "炜煌雷诺",
  "keywords": [
    "霞阳突",
    "炜煌雷诺"
  ],
  "skill_info": {
    "priority": 11,
    "power": 120,
    "pp": 10,
    "type": "火",
    "category": "物理"
  },
  "content": "技能：霞阳突\n以下效果均在命中后生效，暴晒天气下必中。\n\n本技能实际先手值等于(基础先手值+1-本技能所处位置数)。\n\n回复自身其他技能1PP。\n\n提升(15*我方相邻宠物主副属性总数)威力。\n\n威力伤害前重置对手正面强化（非强制）。\n\n烧伤对手，烧伤成功则令当前对手全局受到的火系威力伤害提升15%。\n\n若场上为暴晒天气，则重置强化效果变为强制；\n\n若场上为阴雨/陨石天气或沃土/海市蜃楼环境则额外发动本技能2回合，额外回合先造成(对手已损精力*0.2)固伤（上限120）再造成威力伤害。\n\n※血脉与专属技能中的“主副属性总数”均不计入重复的属性。"
}