{
  "pet_name": "戟叶蓼",
  "keywords": [
    "力透纸背",
    "戟叶蓼"
  ],
    "skill_info": {
    "priority": 10,
    "power": 100,
    "pp": 8,
    "type": "武",
    "category": "物理"
  },
  "content": "技能：力透纸背\n令对方恐惧，免疫恐惧则回复自身其他技能1pp并删除对方上回合使用的技能2pp。\n\n若删除后对方对应技能pp=0，则额外回复自身剩余pp最少的技能2pp。\n\n若后手出招且受到先手伤害，则造成一段（0.5*受到的最后一次先手伤害）固伤（最低100，最高150），并回复自身（0.5*受到的最后一次先手伤害）精力。\n\n若先手出招或后手出招且未受到先手伤害，则强化1级物攻（上限3级）并给对方队友造成（对方场下存活宠物数*20）波及伤害。"
}