{
  "pet_name": "戟叶蓼",
  "keywords": [
    "祛毒",
    "戟叶蓼",
    "隐刺",
    "迅捷"
  ],
    "skill_info": {
    "priority": 9,
    "power": null,
    "pp": 10,
    "type": "光",
    "category": "变化"
  },
  "content": "技能：祛毒\n（1）清除场上环境，清除成功则删除对手全技能1PP并获得1层隐刺。\n（2）回复自身（80+自身持有的隐刺层数*25）点精力并造成等量固伤。\n\n（3）若对手本回合主动使用魔法技能则令该技能2回合内造成威力时候时改为按对手物攻与自身物防结算伤害；若对手本回合主动使用物理技能则自身下两次主动使用威力技能提升（50%*当回合对手主动使用技能的基础威力）点威力。\n\n（4）降低自身（1+0.5*双方本回合技能基础先手值之差的绝对值，向下取整）级速度，若携带【迅捷】血脉则改为提升速度。\n（5）后手时回复自身其他技能1PP。\n（6）若对手存在毒属性则额外造成（15%*对手最大精力，上限200）点固伤并获得1回合必闪；若本次清除的环境是瘴气环境则PP删除量及获得的隐刺层数均+1。\n\n隐刺全局有效，上限4层。"
}