{
  "pet_name": "戟叶蓼",
  "keywords": [
    "理气",
    "戟叶蓼",
    "萃灵"
  ],
    "skill_info": {
    "priority": 10,
    "power": 100,
    "pp": 12,
    "type": "普通",
    "category": "物理"
  },
  "content": "技能：理气\n以下效果均在命中后生效，若场下存活“萃灵”队友≥3则必中。\n\n删除对手最近使用技能3PP并在威力伤害前强化自身1级物攻；净化自身异常，净化成功则额外强化1级物攻。\n重置自身正负面速度强化，回复自身（重置前的速度等级数，上限4）个技能1PP（含本技能，从左往-右）并额外发动本技能（0.5*重置前的速度等级数，向上取整）回合。\n本回合及额外回合根据我方场下存活“萃灵”队友数追加效果：\n● “萃灵”队友数≥1：威力伤害前额外造成一段（100威力，以随机一名“萃灵”队友的主属性计算克制关系，以被选取队友的优势攻击作为攻击方能力值并决定伤害类型的威力伤害）点固伤（双攻相等则以物理伤害计算固伤），并以被选取队友的主属性计算本技能克制关系；\n●“萃灵”队友数≥3：本技能必中且额外提升50点威力，回复自身及“萃灵”队友各150点精力并在威力伤害后降低对手1级物防（非强制）。\n\n“萃灵”宠物为：戟叶蓼、剑花、铁刀木、钩藤、穿心莲、虎杖"
}