{
  "pet_name": "戟叶蓼",
  "keywords": [
    "裂戟",
    "戟叶蓼",
    "隐刺"
  ],
    "skill_info": {
    "priority": 11,
    "power": 110,
    "pp": 12,
    "type": "光",
    "category": "物理"
  },
  "content": "技能：裂戟\n（1）威力伤害前若场上为曙光天气则获得1层隐刺，否则强化自身1级物攻并召唤曙光天气3回合。\n（2）删除对手全技能1PP并回复自身（10+自身计入被动和强化速度能力值*0.15）精力（上限150），若双方本回合技能基础先手值相同则PP删除量+1并回复自身全技能1PP。\n（3）若自身计入强化及被动效果的速度值≥50%自身最大精力值，则提升[30%*（自身计算强化及被动效果的速度值-50%*自身最大精力），上限120]点威力，否则威力伤害前额外造成[60%*（50%*自身最大精力-自身计算强化及被动效果的速度值），上限200]点固伤。\n（4）自身精力低于50%时重置自身正负面速度强化并回复自身（50*重置的速度等级数，上限200）点精力。\n\n隐刺全局有效，上限4层。"
}