{
  "pet_name": "戟叶蓼",
  "keywords": [
    "隐刺",
    "戟叶蓼",
    "迅捷"
  ],
    "skill_info": {
    "priority": 14,
    "power": null,
    "pp": 6,
    "type": "普通",
    "category": "变化"
  },
  "content": "技能：隐刺\n被动免疫中毒、剧毒。\n\n净化自身异常与除速度外的负面，回复自身（45%自身最大精力值+30%自身计入被动和强化速度能力值，上限500）精力，任意天气下召唤曙光天气6回合；免疫异常6回合，回合内：\n（1）受到威力伤害时将自身双防能力值视为提升（50%*自身最大精力-40%*自身计算强化及被动效果的速度值，至少100，至多300）点；\n（2）受到固伤时令本次固伤降低（20%*自身计算强化及被动效果的速度值，上限100）点。\n（3）受到对手主动造成的威力伤害时：若为物理伤害则对对手造成[所受物理伤害*（40%+15%*隐刺层数），上限150]点固伤；若为魔法伤害且此时自身存在正负面速度强化则对对手造成[所受魔法伤害*（40%+15%*隐刺层数），上限150]点固伤（反伤效果对boss无效）。\n被动效果：携带本技能时，有以下效果：\n未携带【迅捷】血脉时，自身速度能力值降低100点（至多降为1）；\n携带【迅捷】血脉时，使血脉提升速度的额度提升至100点，若本技能位于首格则全局首次使用本技能后令自身本局战斗每次换下时的先手值变为12。\n补充说明：计算速度时，先乘以正负面速度强化的系数，再加上/减去被动效果提升/降低的速度，且最低计为1。\n\n隐刺全局有效，上限4层。"
}