{
  "pet_name": "织魇帅帅",
  "keywords": [
    "傀儡诡步",
    "织魇帅帅",
    "谎言标记"
  ],
  "skill_info": {
    "priority": 12,
    "power": null,
    "pp": 15,
    "type": "恶魔",
    "category": "变化"
  },
  "content": "技能：傀儡诡步\n以下效果均在命中后生效，自身谎言标记数≥8时必中。\n\n（1）若自身右侧相邻位置存在非神系队友，则造成（120威力，以该队友的主属性计算克制关系、以该队友优势攻击能力值计算并决定伤害类型的威力伤害）点固伤，若计算出的克制关系为非抵抗且该队友存活则为该队友提升1级速度；若右侧无符合条件的相邻队友（右侧无队友或右侧是神系队友）则造成无属性的、以自身魔攻能力值计算的魔法固伤（固伤上限均为200）。\n\n（2）回复右侧存活相邻非神系队友80点精力，且该队友登场后每次主动使用技能时（无需命中）回复我方存活“织魇帅帅”60点精力。\n（3）删除对手全技能1PP，根据自身谎言标记数追加效果：\n● ≥5：固伤提升30%；\n● ≥8：消耗所有谎言标记，PP删除量+1，净化自身异常与负面后烧伤自身，并回复自身首格技能1PP。\n\n*谎言标记全局有效，上限10层。"
}