{
  "pet_name": "织魇帅帅",
  "keywords": [
    "谎言剧幕",
    "织魇帅帅",
    "谎言标记"
  ],
  "skill_info": {
    "priority": 15,
    "power": 90,
    "pp": 16,
    "type": "机械",
    "category": "魔法"
  },
  "content": "技能：谎言剧幕\n连续2回合发动，首回合必中；末回合非必中且miss无效。\n每回合：删除对手本回合技能（谎言标记数*0.25，向上取整，至少1）PP（均在所有获得谎言标记效果执行完毕后计算）；双方当回合使用技能类型一致时（仅区分威力/变化）获得2层谎言标记，否则消耗1层谎言标记。\n首回合：提升（5*谎言标记数，上限50）点威力，威力伤害前自身魔攻＜4级时强化自身1级魔攻；任意环境下召唤铁壁环境持续相等回合，任意天气下清除场上天气。\n末回合：提升（10*右侧相邻位置非神系队友正面速度强化等级，上限30）点威力，威力伤害前额外造成（30+30*本回合相较上回合天气环境回合数之差，上限120）点固伤并回复等量精力。\n*谎言标记全局有效，上限10层。"
}