{
  "pet_name": "织魇帅帅",
  "keywords": [
    "假面之邀",
    "织魇帅帅",
    "谎言标记"
  ],
  "skill_info": {
    "priority": 15,
    "power": null,
    "pp": 10,
    "type": "机械",
    "category": "变化"
  },
  "content": "技能：假面之邀\n被动免疫恐惧、冰冻、睡眠、寄生、混乱。\n\n束缚对手，束缚成功则4回合内对手每回合首次回复精力时，自身也回复（100%*对手回复的精力，上限100）点精力（跟随回复效果对boss无效）。\n回复自身40%最大精力，后手时造成（自身携带技能的最高基础威力）点固伤。\n净化自身除束缚外的异常与负面，净化异常或负面成功（实际无需成功，与描述不符）时回复自身威力技能1PP（均净化时回复2PP）。\n召唤铁壁环境4回合，回合内：\n\n（1）自身主动使用技能额外消耗1PP；\n\n（2）每回合自身无法主动行动（PP全空而未使用技能、受异常影响而未能行动、自动带出等，不含诱导）时：净化自身所有异常，造成（自身携带技能的最高基础威力）点固伤并回复自身等量精力，删除对手全技能1PP并回复自身其他技能1PP。\n被动效果：携带本技能时有以下效果：\n（1）主动使用机械系技能后束缚自身，主动使用恶魔系技能后获得2层谎言标记；\n（2）不处于控制异常时每次受到的任意伤害降低（60+10*对手最高正面强化等级-10*自身最低负面强化等级）点（上限120）；\n（3）非控制异常的掉血效果最多使自身精力降低至1点。\n\n（4）自身精力回复效果提升（1%*谎言标记数）。\n\n*谎言标记全局有效，上限10层。"
}