{
  "pet_name": "织魇帅帅",
  "keywords": [
    "虚言妄语",
    "织魇帅帅"
  ],
  "skill_info": {
    "priority": 10,
    "power": 110,
    "pp": 20,
    "type": "恶魔",
    "category": "魔法"
  },
  "content": "技能：虚言妄语\n（1）提升（15*自身正负面强化项数）点威力。\n（2）回复自身120点精力，回复后若自身当前精力低于对手则使自身下两回合主动使用的威力技能额外提升30点威力。\n（3）威力伤害后追加（200+40*场上双方最高正面强化等级-本次威力伤害，下限80，上限120）点固伤；若固伤额度≥100则为对手提升1级命中并强制降低对手除命中外的正面强化各1级，否则造成与本次固伤等额的波及伤害。\n\n（4）若对手为新目标，则删除对手全体技能1PP。\n\n（5）自身使用本技能时不受束缚效果影响。"
}