{
  "pet_name": "光明孔雀女王",
  "keywords": [
    "金鳞明光",
    "光明孔雀女王"
  ],
  "skill_info": {
    "priority": 11,
    "power": null,
    "pp": 8,
    "type": "光",
    "category": "变化"
  },
  "content": "技能：金鳞明光\n催眠对方，若催眠失败则闪避后手非必中技能。\n\n若触发必闪但对方本回合主动使用的技能仍对自身造成了任意伤害，则在对手技能结算后回复本技能1pp和删除对方所用技能3pp。\n\n对敌方全体造成额度为 [40 + 40*自身速度等级绝对值+ 6*自身速度能力值尾数(不计强化) ]的伤害，上限为200。\n\n根据自身强化等级追加效果：\n\n若自身速度与魔攻等级均≥2时回复其他技能2pp，反之则删除对方全体技能1pp。\n\n若存在速度或魔攻正面强化或同时存在且至少有一项<2时，回复其他技能1pp。"
}