{
  "pet_name": "光明孔雀女王",
  "keywords": [
    "苏生绽放",
    "光明孔雀女王",
    "暗黑孔雀女王"
  ],
  "skill_info": {
    "priority": 13,
    "power": null,
    "pp": 6,
    "type": "光",
    "category": "变化"
  },
  "content": "技能：苏生绽放\n被动免疫冰冻、催眠、麻醉（不携带本技能亦有效）\n\n首先回复自身（40+5*自身正负面强化等级绝对值之和) %精力，然后净化异常状态和除魔攻、速度以外的负面强化。\n\n连续4回合发动技能，免疫异常状态4回合，并进行如下结算：\n\n前2回合强化自身1级速度。\n\n后2回合降低自身1级速度，若我方场下有暗黑孔雀女王则为其强化1级速度。\n\n每回合先执行完上述效果，然后回复我方全体宠物 [50+50*自身速度等级绝对值] 的精力。"
}