{
  "pet_name": "光明孔雀女王",
  "keywords": [
    "玄晖沐羽",
    "光明孔雀女王",
    "暗黑孔雀女王"
  ],
  "skill_info": {
    "priority": 11,
    "power": 135,
    "pp": 10,
    "type": "光",
    "category": "魔法"
  },
  "content": "技能：玄晖沐羽\n此技能实际威力为135-3*自身速度能力值尾数（不计强化等级影响）。\n\n连续2回合发动攻击，每回合清除场上的天气/环境并删除对方最近使用的技能pp。（删除量=1+自身正负面强化等级绝对值之和，上限为3）。\n\n首回合额外提升1级魔攻，并清除对方正面强化（非强制）再造成伤害，清除天气/环境成功时获得3回合异常免疫；\n\n次回合伤害必中，降低自身1级魔攻（结算时机在该回合判定删pp、血脉护盾和威力伤害之后），若我方场下有暗黑孔雀女王则为其强化1级魔攻。\n\n本技能仅威力伤害非必中。"
}