{
  "pet_name": "通用技能",
  "keywords": [
    "冰天雪地",
	"伊西希斯",
	"戴安娜",
	"乾镜双凤",
	"鬼魅雪影"
  ],
  "skill_info": {
    "priority": 9,
    "power": null,
    "pp": 10,
    "type": "冰",
    "category": "变化"
  },
  "content": "技能：冰天雪地\n6回合持续对对方场上非冰系宠物造成固伤。\n\n固伤=（16~25随机整数）*0.01*对方场上宠物最大生命值。\n\n首回合miss则后续回合无法带出。\n\n首回合命中，后续回合由其他技能带出，且必中（对冰系宠物无效）。\n\n持续回合内再次主动使用则按首回合计算。\n\n注：此技能作为技能石时，可被所有冰系宠物学习。"
}