{
  "pet_name": "爱丽赛亚",
  "keywords": [
    "蹁若棄云",
    "爱丽赛亚",
    "时轮记录值",
    "流光转瞬"
  ],
  "skill_info": {
    "priority": 14,
    "power": null,
    "pp": 7,
    "type": "虫",
    "category": "变化"
  },
  "content": "技能：蹁若棄云\n净化自身异常和负面，回复自身50%最大精力，免疫异常与负面并召唤迷宫环境6回合，回合内：\n（1）受到的任意伤害降低25%；\n（2）非首回合判定，若上一自然回合内受到至少2段伤害则对敌方场下造成（50*上回合所受伤害段数）点波及伤害并为我方存活队友回复等量精力；\n（3）场上迷宫环境被清除或替换为其他环境时为自身强化自身1级魔防（每次主动使用本技能后仅触发一次）；（疑似bug：需携带血脉）\n（4）携带【流光转瞬】血脉时，有以下效果：\n● 自身主动使用技能后，使对手下回合主动使用技能后删除其所用技能1PP（对免删技能有效）。（与描述不符）\n● 对手每回合首次回复精力时，自身也回复（100%*对手回复的精力值，上限90）点精力（对boss无效）。\n\n被动：（需携带本技能）\n\n自身受到威力伤害时获得等额时轮记录值。\n\n*时轮记录值自身换下失效。"
}