{
  "pet_name": "爱丽赛亚",
  "keywords": [
    "迷境离合",
    "爱丽赛亚",
    "时轮记录值"
  ],
  "skill_info": {
    "priority": 8,
    "power": 100,
    "pp": 20,
    "type": "虫",
    "category": "魔法"
  },
  "content": "技能：迷境离合\n连续3回合发动技能。\n每回合：提升（15%*时轮记录值，上限100）点威力。\n首回合：回复自身其他技能1PP，威力伤害前额外造成（25*场上双方威力技能总数）点固伤。\n后续回合：\n\n自身主动使用技能命中时：若主动造成的威力伤害被抵抗则回复自身除本技能外的其他技能1PP；若主动造成的威力伤害低于120则在时轮记录值大于50%最大精力时强化自身1级魔攻，不低于120则删除对手本回合技能（对手正面强化项数，至少1）PP。\n\n*时轮记录值自身换下失效。"
}