{
  "pet_name": "爱丽赛亚",
  "keywords": [
    "花舞千刃",
    "爱丽赛亚"
  ],
  "skill_info": {
    "priority": 9,
    "power": 110,
    "pp": 9,
    "type": "翼",
    "category": "魔法"
  },
  "content": "技能：花舞千刃\n造成威力伤害前，若对手当前精力≥自身，则造成80固伤。\n本技能实际威力=110+双方不计强化的速度能力值之差的绝对值*1~3之间的随机数（威力上限210）。\n若场上为疾风天气，则回复自身其他技能1PP。\n根据对手本回合当前精力与对手上回合结束时精力追加效果：\n  若对手本回合精力＞上回合，则回复自身(对手本回合与上回合精力值之差)精力，强制降低自身物攻1级与对手不计强化双攻中较高一项1级；\n  若对手本回合精力≤上回合，则删除对手本回合技能1PP，对敌方场下造成30点波及伤害。"
}