{
  "pet_name": "爱丽赛亚",
  "keywords": [
    "裁光匿影",
    "爱丽赛亚",
    "时轮记录值"
  ],
  "skill_info": {
    "priority": 10,
    "power": 120,
    "pp": 12,
    "type": "虫",
    "category": "魔法"
  },
  "content": "技能：裁光匿影\n以下效果均在命中后生效。\n\n（1）迷惑对手，被免疫则删除对手全技能1PP。\n（2）强化自身1级闪避，然后对敌方场下造成（30*自身正面强化项数，上限90）点波及伤害。\n（3）场上为任意天气时删除对手本回合技能2PP，场上为迷宫以外的环境时召唤迷宫环境持续（2+原环境回合数）回合。\n（4）据时轮记录值：\n\n>0.5*自身最大精力：将对手魔防视为-1级；\n\n>0.65*自身最大精力：必中并提升(0.1*时轮记录值，上限60)点威力。\n（5）本技能造成伤害后若对手阵亡则驱逐自身。\n\n*时轮记录值自身换下失效。"
}