{
  "pet_name": "凝魂恶豹",
  "keywords": [
    "三重爪影",
    "凝魂恶豹"
  ],
  "skill_info": {
    "priority": 10,
    "power": 70,
    "pp": 10,
    "type": "恶魔",
    "category": "物理"
  },
  "content": "技能：三重爪影\n以下效果均在命中后生效。\n\n追加2段(威力伤害*1)固伤。\n\n回复自身150精力。\n\n令对手恐惧，删除对手全技能1PP。\n\n若场上为任意天气，则额外删除对手最近使用技能1PP；\n\n若场上为任意环境，则造成100波及伤害并回复我方全体存活宠物100精力。"
}