{
  "pet_name": "凝魂恶豹",
  "keywords": [
    "孤爪一闪",
    "凝魂恶豹",
    "锁敌之爪"
  ],
  "skill_info": {
    "priority": 12,
    "power": 120,
    "pp": 6,
    "type": "毒",
    "category": "物理"
  },
  "content": "技能：孤爪一闪\n净化自身异常与负面，回复自身(威力伤害+200)精力（上限500）。\n\n若本回合我方先手，则令对手后手精力回复效果降低50%；\n\n若本回合我方后手，则精力回复量提升至(威力伤害+300)精力（上限600）。\n\n免疫异常与负面6回合，回合内自身每次受到的威力伤害减少[2*(对手PP上限总和+自身已损PP总和)]（上限100，至多减为1）。"
}