{
  "pet_name": "凝魂恶豹",
  "keywords": [
    "锁敌之爪",
    "凝魂恶豹",
    "孤爪一闪"
  ],
  "skill_info": {
    "priority": 9,
    "power": 60,
    "pp": 12,
    "type": "恶魔",
    "category": "物理"
  },
  "content": "技能：锁敌之爪\n追加3段(威力伤害*1)固伤。\n\n若当前Round数为奇数，则自身先手时回复本技能1PP，后手时回复自身上回合主动使用技能1PP；\n\n若当前Round数为偶数，则回复自身其他技能1PP。\n\n若自身当前精力≤(自身最大精力*0.5)，且我方场下存在PP全为0的存活宠物，则有以下效果：\n\n①将我方场下所有PP全为0的存活宠物的精力置为0；\n\n②令双方精力回复效果失效（对boss无效），持续至对手换下；\n\n③若自身当前精力≤对手，则令自身每次受到的威力伤害减少50（可与“孤爪一闪”的伤害减免效果叠加），持续至任一方换下；若自身当前精力＞对手，则对自身造成(对手当前精力-自身当前精力)固伤，并获得等量护盾（不叠加）。"
}