{
  "pet_name": "凝魂恶豹",
  "keywords": [
    "蓄力冲锋",
    "凝魂恶豹"
  ],
  "skill_info": {
    "priority": 9,
    "power": 100,
    "pp": 10,
    "type": "毒",
    "category": "物理"
  },
  "content": "技能：蓄力冲锋\n追加1段(威力伤害*1)固伤。\n\n令对手中毒，提升自身1级物攻强化（上限2级），重置对手正负面强化（非强制）。\n\n若对手正面强化等级总和＞负面强化等级绝对值总和（无负面则视为0），则改为强制重置。\n\n召唤血月天气4回合，召唤失败则召唤瘴气环境4回合。"
}