{
  "pet_name": "天极圣雷王",
  "keywords": [
    "罅云揽星",
    "天极圣雷王"
  ],
  "skill_info": {
    "priority": 9,
    "power": 110,
    "pp": 12,
    "type": "电",
    "category": "物理"
  },
  "content": "技能：罅云揽星\n删除对手全体技能1pp，若自身存在异常或负面则删除量+1，\n\n并解除自身异常状态与倒置负面强化再造成伤害。\n\n若处于雷暴天气，则技能威力提升30%且造成伤害后提升自身物攻1级，若本技能pp余量≤6则回复其他技能1pp。\n\n若不处于雷暴天气，pp删除量+1并追加(威力伤害*0.8)的固伤，回复自身其他技能1pp。"
}