{
  "pet_name": "天极圣雷王",
  "keywords": [
    "轻雷霁光",
    "天极圣雷王"
  ],
  "skill_info": {
    "priority": 12,
    "power": null,
    "pp": 6,
    "type": "电",
    "category": "变化"
  },
  "content": "技能：轻雷霁光\n回复自身20%生命值（上限600），2回合免疫异常并减免所受威力伤害的60%。\n\n强制重置对手正负面强化，并造成额度为60*重置的等级数的固伤，若对手无正负面强化且自身其他技能还有pp剩余，则回复本技能2pp。\n\n强制重置自身一项正面强化，释放顺序：魔抗、防御、速度、魔攻、物攻，不重置命中、闪避与暴击强化。\n\n未释放强化则为场下宠物回复生命值，回复量为20%*自身最大血量*m。\n\nm为携带电属性的队友数。"
}