{
  "pet_name": "天极圣雷王",
  "keywords": [
    "青霜流虹",
    "天极圣雷王"
  ],
  "skill_info": {
    "priority": 10,
    "power": 90,
    "pp": 8,
    "type": "电",
    "category": "物理"
  },
  "content": "技能：青霜流虹\n连续3回合攻击，首回合命中后令对方恐惧。\n\n前2回合命中时额外造成额度为50+25*自身强化项目数的固伤，上限100。\n\n以下效果为必中：\n\n第3回合若m＞n，则己方全体物攻和魔攻等级+1，回复全体电系队友各自最大血量的20%*m，血量最低的电系队友回复全体技能1pp。\n\n若m≤n，则对敌方场上宠物追加100固伤，自身回复100生命值；敌方场下宠物受到180固伤；己方场下宠物回复180生命值。\n\nm为携带电属性的队友数，n为不携带电属性的队友数。"
}