{
  "pet_name": "天极圣雷王",
  "keywords": [
    "势崩江河",
    "天极圣雷王"
  ],
  "skill_info": {
    "priority": 15,
    "power": null,
    "pp": 4,
    "type": "电",
    "category": "变化"
  },
  "content": "技能：势崩江河\n净化自身，5回合内免疫异常与负面，回复自身 (最大血量*50%-当前护盾剩余额度)生命值（上限600）；召唤雷暴天气6回合，失败则提升1级物攻。\n\n然后根据我方场下队友属性情况赋予额外效果：\n\n若m>n，则删除对手最近使用技能3pp，防控回合内自身威力伤害提升（50-10*n）%；\n\n若m≤n，则每回合获得自身最大生命的（15+5*m）%的护盾。\n\nm为携带电属性的队友数，n为不携带电属性的队友数。"
}