{
  "pet_name": "赛施尔",
  "keywords": [
    "圆月佑",
    "赛施尔"
  ],
  "skill_info": {
    "priority": 14,
    "power": null,
    "pp": 1,
    "type": "恶魔",
    "category": "变化"
  },
  "content": "技能：圆月佑\n自身获得1级命中与闪避负面强化，回复自身(自身最大精力*0.5)精力与其他技能1PP。\n\n召唤血月天气6回合，召唤失败则精力回复量提升至(自身最大精力*0.8)。\n\n免疫异常4回合，回合内有以下效果：\n\n每回合自身获得150护盾（不叠加）；\n\n自身受到的武/虫系宠物造成的威力伤害降低70%。\n\n本技能pp为0时，主动使用其他技能3次可回复本技能1pp。"
}