{
  "pet_name": "赛施尔",
  "keywords": [
    "天魔解体",
    "赛施尔"
  ],
  "skill_info": {
    "priority": 11,
    "power": null,
    "pp": 10,
    "type": "恶魔",
    "category": "变化"
  },
  "content": "技能：天魔解体\n对自身造成自身当前精力值的固伤。\n\n对敌方场上宠物造成（自身物攻能力值*0.6+70*自身物攻正面强化等级+55~80之间的随机数）的固伤，对敌方场下全体宠物造成（对敌方场上宠物造成固伤*0.35）的波及伤害。\n\n*注：自身物攻能力值不计入强化、装备、守护兽。"
}