{
  "pet_name": "赛施尔",
  "keywords": [
    "新月升",
    "赛施尔"
  ],
  "skill_info": {
    "priority": 8,
    "power": 100,
    "pp": 10,
    "type": "恶魔",
    "category": "物理"
  },
  "content": "技能：新月升\n威力伤害非必中，固伤与其他效果必中。\n\n造成(100+30*我方阵亡宠物数)固伤（对boss无效）再造成威力伤害。\n\n若自身存在负面，则造成[对手最大精力*(0.1+0.05*自身负面项数)]固伤（对boss无效）并回复自身等量精力，重置自身负面。"
}