{
  "pet_name": "赛施尔",
  "keywords": [
    "半月黯",
    "赛施尔"
  ],
  "skill_info": {
    "priority": 10,
    "power": 115,
    "pp": 10,
    "type": "恶魔",
    "category": "物理"
  },
  "content": "技能：半月黯\n净化自身异常状态。\n\n恐惧对方，被免疫则强制清除对方正面强化并获得同种负面强化各1级。\n\n然后判定自身负面强化项数追加效果：\n\n自身负面强化项数≥3：\n\n删除对方最近使用技能（该技能pp上限*0.5）pp（向上取整）。\n\n净化自身负面并获得1级物攻强化。\n\n本技能实际威力=115+30*成功净化的负面强化项数。\n\n自身负面强化项数＜3：\n\n赋予自身1级速度负面强化，删除对方全体技能2pp。\n\n对敌方场下宠物造成（50+25*自身负面强化项数）点波及伤害。"
}