{
  "pet_name": "赛施尔",
  "keywords": [
    "暗月绝",
    "赛施尔"
  ],
  "skill_info": {
    "priority": 12,
    "power": null,
    "pp": 6,
    "type": "恶魔",
    "category": "变化"
  },
  "content": "技能：暗月绝\n免疫异常1回合。\n\n若对手当前精力低于(150+50*自身负面项数)（上限450），则造成9999固伤并提升自身1级物攻强化；\n\n否则删除对手最近使用技能4PP。\n\n以上效果结算完毕后重置自身负面。"
}