{
  "pet_name": "戴安娜",
  "keywords": [
    "玉凝",
    "戴安娜",
    "月蚀印记",
    "清辉"
  ],
  "skill_info": {
    "priority": 13,
    "power": null,
    "pp": 7,
    "type": "冰",
    "category": "变化"
  },
  "content": "技能：玉凝\n净化自身，回复40%精力，免疫异常5回合。\n\n防控回合内自身受到的所有伤害均降低30%，且受伤时有如下效果:\n\n1.受到每段任何伤害均会给予自身一层月蚀印记（最多10层，自身换下失效）。\n\n2.每次受到威力伤害时有【50+10*我方阵亡队友数】%​概率冰冻对方。\n\n若【概率未生效】或【概率生效但对方免疫冰冻】则删除对方全体技能1pp并回复自身除本技能外的全体技能1pp。当月蚀印记数量≤3时吸取pp额度提升至2。"
}