{
  "pet_name": "戴安娜",
  "keywords": [
    "清辉",
    "戴安娜",
    "月蚀印记",
    "玉凝"
  ],
  "skill_info": {
    "priority": 11,
    "power": 100,
    "pp": 7,
    "type": "冰",
    "category": "魔法"
  },
  "content": "技能：清辉\n召唤冰雹天气5回合，强制重置对方正负面强化后追加一段固伤；\n\n固伤额度=50+30*重置的正负面强化等级总和，最高200。\n\n若对方没有异常状态则冰冻对方，被免疫则回复自身血量并波及对方场下宠物，回血量和波及量都为【30+0.07*月蚀印记数*对方速度能力值】，若玉凝pp为0则回复其2pp。\n\n若对方有任意异常状态则实际威力=【100+8*月蚀印记数】，回复我方除自身外的存活宠物【50+20*月蚀印记数】点精力。"
}