{
  "pet_name": "戴安娜",
  "keywords": [
    "碧华",
    "戴安娜",
    "月蚀印记"
  ],
  "skill_info": {
    "priority": 9,
    "power": 120,
    "pp": 7,
    "type": "幽灵",
    "category": "魔法"
  },
  "content": "技能：碧华\n当月蚀印记数≥4时，本技能必定命中；当月蚀印记数≥8且场上有任意天气时，本技能必定暴击。\n\n先手时，将对方后手的治疗等量转为伤害；\n\n后手时，若自身魔攻等级＜3则提升1级魔攻再造成伤害。\n\n本技能miss则无任何效果。"
}