{
  "pet_name": "伊瑟拉",
  "keywords": [
    "锦瑟",
    "伊瑟拉",
    "摇光",
    "银心"
  ],
  "skill_info": {
    "priority": 13,
    "power": null,
    "pp": 4,
    "type": "普通",
    "category": "变化"
  },
  "content": "技能：锦瑟\n被动免疫恐惧。5回合内：免疫负面强化和除烧伤外其他异常并令自身全体技能先手度+1。\n\n(1)首回合：回复自身(50+15*自身异常项数)%最大精力（上限为600），并将自身的防御和魔抗置于-1级（强制）。令自身一回合内受到每段伤害不超过150，该回合内首次触发限伤时删除对方全体技能1pp并清除场上除暴晒、阴雨、芬芳外的其他天气环境；\n\n(2)次回合：净化自身。若首回合至本次结算间未触发过限伤则回复自身威力技能1pp。"
}