{
  "pet_name": "伊瑟拉",
  "keywords": [
    "银心",
    "伊瑟拉",
    "锦瑟",
    "摇光"
  ],
  "skill_info": {
    "priority": 9,
    "power": 125,
    "pp": 9,
    "type": "龙",
    "category": "魔法"
  },
  "content": "技能：银心\n(1)首先计算技能威力：125+20*自身双攻正负面强化项数+15*双攻强化等级绝对值之和。然后：若自身魔攻等级＜1则置于1级再造成伤害，反之则在造成伤害后强制重置正面强化。\n\n(2)冰冻对方，成功额外则造成999固伤（对boss无效），反之则赋予对方两个虚弱状态：\n\n    ①对方造成的威力伤害降低（不能与常规的虚弱类效果叠加）；\n\n    ②对方造成的固定伤害降低（能与目前其他虚弱类效果叠加）。\n\n       二者比例均为（20+5*自身负面强化项数）%，上限45%，分别持续3回合，期间我方换下变为永久，对方换下立即失效。\n\n(3)根据自身pp剩余情况追加吸取pp效果：\n\n    若有除本技能外的空pp技能：删除对方全体技能（除本技能外的空pp技能数）pp，回复自身除本技能外的空pp技能1pp；\n\n    若无：删除对方最近使用的技能2pp，回复本技能1pp。\n\n(4)本技能pp为0时，无法被自身专属技能（锦瑟、摇光、银心）回复pp值。"
}