{
  "pet_name": "伊瑟拉",
  "keywords": [
    "摇光",
    "伊瑟ラ",
    "锦瑟",
    "银心"
  ],
  "skill_info": {
    "priority": 10,
    "power": null,
    "pp": 8,
    "type": "龙",
    "category": "变化"
  },
  "content": "技能：摇光\n(1)净化自身的异常状态。\n\n(2)回复我方全体精力，回复量=0.25*自身魔攻能力值（不计强化；计算装备、守护兽）+ 2*本回合受到的最后一段先手伤害+80*净化异常项数，上限为400；\n\n(3)对敌方造成全体伤害，伤害量=0.2*对方魔抗能力值（计算强化、装备、守护兽）+ 40*净化异常项数，上限为200。\n\n(4)若本回合我方后手且场上存在任意天气环境，则回复自身全体技能1pp；\n\n   否则（即我方先手或者场上无天气环境），则删除对方本回合所用技能pp。删除量=1+0.15*对应技能pp上限值，向上取整。"
}