{
  "pet_name": "伊瑟拉",
  "keywords": [
    "唤雨断章",
    "伊瑟拉"
  ],
  "skill_info": {
    "priority": 10,
    "power": 105,
    "pp": 8,
    "type": "水",
    "category": "魔法"
  },
  "content": "技能：唤雨断章\n召唤阴雨天气6回合后造成伤害，召唤失败则伤害提升50%。\n\n根据对方双防高低赋予不同效果：\n\n若对方魔抗能力值＞物防能力值，追加一段（我方魔攻能力值-对方物防能力值）的固伤（最小为1，对部分boss固定200）。\n\n若对方魔抗能力值≤物防能力值，追加两段（本次威力伤害*0.2）的固伤（对部分boss固定200）。\n\n*比较双防及固伤均不计算强化。"
}