{
  "pet_name": "伊瑟拉",
  "keywords": [
    "自然之力",
    "伊瑟拉"
  ],
  "skill_info": {
    "priority": 12,
    "power": null,
    "pp": 4,
    "type": "草",
    "category": "变化"
  },
  "content": "技能：自然之力\n为场下血量最低的队友回复30%队友的最大生命值和全部技能1pp。\n当本技能PP为偶数时提升全队存活宠物双攻各1级；\n当本技能PP为奇数时提升全队存活宠物双防各1级。\n当场下存在1-2名阵亡队友时，额外提升自身1级魔攻；\n当场下存在3-4名阵亡队友时，额外提升自身2级魔攻；\n当场下存在5名阵亡队友时，额外提升自身3级魔攻。"
}