{
  "pet_name": "暗黑孔雀女王",
  "keywords": [
    "死亡凋零",
    "暗黑孔雀女王"
  ],
  "skill_info": {
    "priority": 15,
    "power": null,
    "pp": 6,
    "type": "恶魔",
    "category": "变化"
  },
  "content": "技能：死亡凋零\n净化自身回复50%精力，为自身pp最少的技能回复（回复量=净化的负面强化等级数），免疫异常与负面7回合，召唤暗黑城环境8回合。将自身小于1的防御等级置于1级。\n\n若召唤暗黑城失败，额外提升1级魔抗。"
}