{
  "pet_name": "暗黑孔雀女王",
  "keywords": [
    "层岚风切",
    "暗黑孔雀女王",
    "层岚"
  ],
  "skill_info": {
    "priority": 9,
    "power": 120,
    "pp": 10,
    "type": "翼",
    "category": "魔法"
  },
  "content": "技能：层岚风切\n威力伤害非必中，效果必中。\n\n净化自身魔攻负面。\n\n若自身魔攻强化＜4级，则提升自身1级魔攻强化；\n\n若自身魔攻强化＞4级，则降低自身魔攻强化至4级。\n\n回复我方场下所有携带“层岚风切”技能的存活宠物“层岚风切”技能1PP。\n\n赋予对手1层“层岚”标记（上限3层，全局有效）。\n\n若对手“层岚”标记数≥2，则提升15威力；\n\n若对手“层岚”标记数=3，则删除对手全技能1PP，回复自身其他技能1PP，回复我方场下所有携带“层岚风切”技能的存活宠物先手值最高的技能1PP（靠左优先）。"
}