{
  "pet_name": "暗黑孔雀女王",
  "keywords": [
    "暗黑之眼",
    "暗黑孔雀女王",
    "光明孔雀女王"
  ],
  "skill_info": {
    "priority": 11,
    "power": null,
    "pp": 9,
    "type": "恶魔",
    "category": "变化"
  },
  "content": "技能：暗黑之眼\n连续5回合发动技能。\n\n每回合：造成额度为[对方最大精力/7 +自身正面强化等级之和*5 (上限200) ]的固伤，删除对方上回合与本回合使用的技能各1pp （可叠加）。\n\n首回合：免疫异常状态2回合，召唤血月天气5回合并令对方恐惧，恐惧失败则后续每回合固伤额度提升 [0.25*当回合自身所受最后一次先手伤害]；召唤血月天气失败则后续每回合回复自身[ 当回合固伤值*0.6 ] 的精力。\n\n后续回合：若上次结算时自身正负面强化项数 - 本次结算时正负面强化项数≥3，则回复我方场下所有光明孔雀女王全体技能1pp。\n\n此技能miss则无任何效果。首回合出现miss时后续回合无法带出，首回合命中时后续每回合仍会独立计算命中。"
}