{
  "pet_name": "暗黑孔雀女王",
  "keywords": [
    "蔽日长翎",
    "暗黑孔雀女王"
  ],
  "skill_info": {
    "priority": 8,
    "power": 105,
    "pp": 12,
    "type": "恶魔",
    "category": "魔法"
  },
  "content": "技能：蔽日长翎\n若场上不处于血月天气则召唤血月3回合，召唤失败则删除对方最近使用的技能3pp，本次攻击威力提升[20*实际删除pp数量，即被删除的技能pp余量< 3时以余量计]。\n\n上述效果结算后进行判定，若场上为血月天气：\n\n若场上血月天气的剩余回合数≤3则删除对方全体技能1pp并回复自身[威力伤害*0.5]的精力，反之删除对方全体技能2pp。"
}