{
  "pet_name": "艾瑟丽贝",
  "keywords": [
    "长虹逐日",
    "艾瑟丽贝",
    "火舞",
    "舞火流风"
  ],
  "skill_info": {
    "priority": 11,
    "power": 120,
    "pp": 10,
    "type": "火",
    "category": "物理"
  },
  "content": "技能：长虹逐日\n造成威力伤害后追加(1+对手“火舞”标记数/3)段(对手已损精力*0.2)固伤（段数向上取整，上限4；对boss固定为1段200固伤）。\n\n若自身“舞火流风”技能PP≤2，则删除对手上回合技能3PP。"
}