{
  "pet_name": "艾瑟丽贝",
  "keywords": [
    "剑胆琴心",
    "艾瑟丽贝",
    "火舞"
  ],
  "skill_info": {
    "priority": 9,
    "power": null,
    "pp": 8,
    "type": "武",
    "category": "变化"
  },
  "content": "技能：剑胆琴心\n净化自身异常与负面。\n\n令对手恐惧，重置对手正面强化（非强制）。\n\n提升自身（1+对手“火舞”标记数/3，向下取整）级物攻强化，回复自身其他技能（1+对手“火舞”标记数/3，向下取整）pp。\n\n赋予对手1层“火舞”标记。"
}