{
  "pet_name": "艾瑟丽贝",
  "keywords": [
    "天地同寿",
    "艾瑟丽贝",
    "火舞"
  ],
  "skill_info": {
    "priority": 10,
    "power": null,
    "pp": 10,
    "type": "火",
    "category": "变化"
  },
  "content": "技能：天地同寿\n对boss固定造成200固伤，对常规宠物连续4回合发动技能。\n\n前3回合每回合：\n\n删除对手最近使用技能2PP，造成[自身不计强化物攻值*0.15*(1+对手“火舞”标记数/3)]固伤（小括号内向下取整），回复自身(固伤值/3)精力。\n\n末回合：\n\n对对手造成[自身不计强化物攻值*0.35*(1+对手“火舞”标记数)]固伤并造成[自身不计强化物攻值*0.15*(1+对手“火舞”标记数)]波及伤害，对自身造成9999固伤。"
}