{
  "pet_name": "艾瑟丽贝",
  "keywords": [
    "舞火流风",
    "艾瑟丽贝",
    "火舞",
    "长虹逐日"
  ],
  "skill_info": {
    "priority": 12,
    "power": null,
    "pp": 4,
    "type": "火",
    "category": "变化"
  },
  "content": "技能：舞火流风\n净化自身异常与负面，获得1回合闪避。\n\n若我方阵亡宠物数≤敌方，则召唤化境环境6回合，召唤失败则提升自身1级物攻强化；\n\n若我方阵亡宠物数＞敌方，则召唤暴晒天气6回合，召唤失败则提升自身1级物攻强化。\n\n免疫异常与负面5回合，回合内有以下效果：\n\n每回合自赋予对手1层“火舞”标记（对手换下可清除）；\n\n每回合回复自身(35*我方场下存活宠物数)精力；\n\n每回合造成(30*我方阵亡宠物数)固伤（上限120）。"
}