{
  "pet_name": "幻鸩毒王",
  "keywords": [
    "娑罗蔓羽",
    "幻鸩毒王",
    "蔷薇形态",
    "鸩兽形态"
  ],
  "skill_info": {
    "priority": 10,
    "power": null,
    "pp": 8,
    "type": "毒",
    "category": "变化"
  },
  "content": "技能：娑罗蔓羽\n所有效果必中。\n\n回复自身30%自身最大精力，我方场下宠物20%自身最大精力。\n\n蔷薇形态：将对方后手伤害变为等量治疗，并将伤害的30%返还给对方。\n\n鸩兽形态：将对方后手治疗变为等量伤害并追加（50*对方负面强化等级）伤害，上限250。\n\n*注：战斗信息可能提示“可惜没有命中”，不影响本技能实际效果，但可能触发部分技能“闪避成功”的判定。"
}