{
  "pet_name": "幻鸩毒王",
  "keywords": [
    "万毒鸩羽",
    "幻鸩毒王",
    "蔷薇形态",
    "鸩兽形态",
    "幻魅之瞳"
  ],
  "skill_info": {
    "priority": 15,
    "power": null,
    "pp": 1,
    "type": "毒",
    "category": "变化"
  },
  "content": "技能：万毒鸩羽\n本技能pp免疫删除且不可回复。\n\n变身为鸩兽形态（变身前均为蔷薇形态）。\n\n净化自身异常与负面强化，永久免疫异常及负面强化。\n\n回复自身全部精力与其他技能pp值，提升自身2级魔攻。\n\n召唤瘴气环境6回合。"
}