{
  "pet_name": "幻鸩毒王",
  "keywords": [
    "幻魅之瞳",
    "幻鸩毒王",
    "蔷薇形态",
    "鸩兽形态",
    "万毒鸩羽"
  ],
  "skill_info": {
    "priority": 11,
    "power": null,
    "pp": 10,
    "type": "幽灵",
    "category": "变化"
  },
  "content": "技能：幻魅之瞳\n所有效果必中。\n\n迷惑对方，被免疫则回复自身除本技能与万毒鸩羽外的技能1pp。\n\n蔷薇形态：转移自身异常与负面强化给对方，虚弱对方60%威力伤害一回合（我方换下永久生效）。\n\n鸩兽形态：净化自身异常与负面强化，提升自身魔攻2级。\n\n*注：战斗信息可能提示“可惜没有命中”，不影响本技能实际效果，但可能触发部分技能“闪避成功”的判定。"
}