{
  "pet_name": "幻鸩毒王",
  "keywords": [
    "寂灭封印",
    "幻鸩毒王",
    "蔷薇形态",
    "鸩兽形态"
  ],
  "skill_info": {
    "priority": 9,
    "power": 100,
    "pp": 10,
    "type": "幽灵",
    "category": "魔法"
  },
  "content": "技能：寂灭封印\n威力非必中，效果必中。\n\n束缚对方并删除对方全体技能2pp，若对方已处于束缚状态则造成999点斩杀伤害。\n\n蔷薇形态：强制倒置对方正面强化，将本技能伤害全部用于回复自身。\n\n鸩兽形态：必定暴击，将本技能威力伤害的30%波及至敌方场下宠物。\n\n*斩杀效果对部分boss无效。"
}