{
  "pet_name": "幻鸩毒王",
  "keywords": [
    "暗天蚀日",
    "幻鸩毒王",
    "蔷薇形态",
    "鸩兽形态"
  ],
  "skill_info": {
    "priority": 9,
    "power": 80,
    "pp": 12,
    "type": "毒",
    "category": "魔法"
  },
  "content": "技能：暗天蚀日\n威力非必中，效果必中。\n\n令对方中剧毒。\n\n造成（对方已损精力*0.35，对boss固定200）点固伤后造成威力伤害。\n\n蔷薇形态：删除对方上次使用技能5pp。\n\n鸩兽形态：威力=120*(1+自身已损血量/自身最大血量+0.25*空pp技能的数目)。"
}