{
  "pet_name": "乾镜双凤",
  "keywords": [
    "麟出凤鸣",
    "乾镜双凤",
    "昏镜重明",
    "威凤一羽"
  ],
  "skill_info": {
    "priority": 11,
    "power": 110,
    "pp": 10,
    "type": "冰",
    "category": "魔法"
  },
  "content": "技能：麟出凤鸣\nmiss时仅触发强化魔攻与删pp效果，其余效果与威力伤害非必中；后手则全必中。\n①强化自身魔攻1级（上限3级）造成威力伤害，回复自身（威力伤害*0.3）精力，对敌方场上宠物追加（敌方已损精力*0.2）固伤（上限120）。\n②若敌方本回合使用技能与上回合相同，则删除对方全体技能2pp。\n③若敌方本回合使用技能与上回合不相同：若自身同时携带有“昏镜重明”与“威凤一羽”，则删除对方本回合及上回合技能各（该技能pp上限*0.2）pp（向上取整，上限4）；否则仅在本次未造成克制伤害则删除对方本回合及上回合技能各（该技能pp上限*0.2）pp（向上取整，上限4）。\n④任意天气环境下，若自身当前精力＜（自身最大精力*0.3），则本技能回血量提升至（威力伤害*0.5）。"
}