{
  "pet_name": "乾镜双凤",
  "keywords": [
    "鸾凤舞镜",
    "乾镜双凤",
    "镜影"
  ],
  "skill_info": {
    "priority": 14,
    "power": null,
    "pp": 6,
    "type": "冰",
    "category": "变化"
  },
  "content": "技能：鸾凤舞镜\n被动免疫中毒、剧毒、寄生、诅咒、束缚、混乱状态（火冰属性天生免疫烧伤、冰冻）。\n\n​净化自身异常与负面，闪避敌方后手非必中技能。\n回复自身（自身最大精力*0.5+50*场上双方正负面强化等级绝对值之和）精力（上限1000），若回血前自身精力低于20%则额外获得额度等于本次所回精力的镜影标记。\n召唤星云天气6回合，6回合内免疫异常与负面强化，回合内自身威力技能提升[5*min(双方相同宠物数，同顺位宠均存活位数)]，且每回合对敌方造成（25+5*自身正面强化等级）的必中固伤。"
}