{
  "pet_name": "乾镜双凤",
  "keywords": [
    "威凤一羽",
    "乾镜双凤",
    "昏镜重明",
    "麟出凤鸣"
  ],
  "skill_info": {
    "priority": 9,
    "power": 110,
    "pp": 8,
    "type": "火",
    "category": "魔法"
  },
  "content": "技能：威凤一羽\n技能实际威力=110+5*双方阵亡宠物数。\n清除对方正面强化（非强制），造成威力伤害后回复自身（威力伤害*0.3）精力，对敌方场上宠物追加（自身已损精力*0.2）固伤（上限150），对敌方场下宠物造成（威力伤害*0.2）波及伤害（上限150）。\n若敌方各技能pp上限总和≤35：\n  若自身携带昏镜重明，则删除对方全体技能2pp；\n  否则删除对方全体技能1pp。\n若敌方各技能pp上限总和＞35：\n  删除对方各技能（该技能pp上限*0.2）pp（向上取整，上限4）。\n任意天气环境下令自身所受后手威力伤害降低50%，且2回合内免受敌方的概率暴击（我方换宠失效，敌方换宠不失效）。"
}