{
  "pet_name": "乾镜双凤",
  "keywords": [
    "昏镜重明",
    "乾镜双凤",
    "威凤一羽",
    "麟出凤鸣"
  ],
  "skill_info": {
    "priority": 11,
    "power": null,
    "pp": 10,
    "type": "火",
    "category": "变化"
  },
  "content": "技能：昏镜重明\n所有效果必中。\n\n恐惧对方，被免疫则下回合回复自身其他技能1pp。\n\n召唤暴晒天气5回合。\n降低敌方10%双防能力值持续5回合（任一方换宠失效，重复使用不叠加）。\n若自身存在魔攻正负面外无正负面强化，则提升自身双防各1级，回复自身（我方场下全体宠物当前精力值之和*0.05）精力。\n若自身存在任意负面强化，强制重置自身正负面强化并造成max{[自身已损精力*(0.3+0.1*重置的强化等级绝对值之和)], 80*重置的强化等级绝对值之和}固伤，并令自身2回合内受到的伤害不超过自身精力上限的max[(40%-10%*重置的强化等级绝对值之和), 15%]。\n注：此处max为取大函数，即取两项中较大的一项。\n连续2次主动使用本技能则回复自身其他技能1pp。\n连续2次主动使用本技能且命中敌方同一个场上目标时，若我方存活宠物中含有与该目标相同的宠物，则回复自身10精力、链接敌方场上目标与我方相同的宠物，全局首次触发链接效果时回复自身全体技能1pp。\n双方被链接宠物的精力回复效果均降低20%，一方受到伤害时将原本所受伤害的20%转移给链接的另一方。\n全场只能同时存在一对链接关系，重复链接会取消已有链接再形成新的链接。\n\n*注：战斗信息可能提示“可惜没有命中”，不影响本技能实际效果，但可能触发部分技能“闪避成功”的判定。"
}