{
  "pet_name": "豪炎战神",
  "keywords": [
    "炽焰涤魂",
    "豪炎战神",
    "豪炎之印",
    "豪炎意志"
  ],
  "skill_info": {
    "priority": 11,
    "power": null,
    "pp": 15,
    "type": "火",
    "category": "变化"
  },
  "content": "技能：炽焰涤魂\n所有效果必中。\n\n连续3回合发动技能。每回合造成一段固伤并回复自身等同于固伤额度一半的精力。\n\n固伤额度=0.18*对方不计强化的魔抗能力值+10*自身空pp技能数+5n；\n\n首回合额外：\n\n①删除本技能1pp，烧伤对方并清除其正面强化（非强制），烧伤成功则删除对方各技能（0.3*对应技能pp上限）pp（向上取整）以回复本技能2pp。\n\n②若本回合受到先手伤害则固伤额度提升至：0.24*对方不计强化的魔抗能力值+12*自身空pp技能数+8n；反之则删除对方全技能1pp并回复自身其它技能1pp。\n\n③若豪炎意志当前pp为0，则自身免疫异常2回合。\n\n*n为敌方被豪炎之印标记的宠物数。\n\n*注：战斗信息可能提示“可惜没有命中”，不影响本技能实际效果，但可能触发部分技能“闪避成功”的判定。"
}