{
  "pet_name": "豪炎战神",
  "keywords": [
    "豪炎意志",
    "豪炎战神",
    "豪炎之印"
  ],
  "skill_info": {
    "priority": 15,
    "power": null,
    "pp": 2,
    "type": "火",
    "category": "变化"
  },
  "content": "技能：豪炎意志\n本技能免疫删除pp效果。被动免疫冰冻，麻醉，迷惑，寄生，诅咒。\n\n主动使用时净化自身异常与负面，回复（40+10*n）%精力，召唤暴晒天气5回合，若召唤失败且已觉醒血脉则额外执行一次血脉效果。\n\n若当前本技能累计使用次数为奇数，则：额外回复30点精力；\n\n自身免疫异常且令所受水、土、石系威力伤害降低30%持续3回合。\n\n若为偶数则令本回合后手伤害变为治疗、回复自身其它技能各自pp上限的30%（向上取整）、免疫异常5回合。\n\n*n为敌方被豪炎之印标记的宠物数。"
}