{
  "pet_name": "辉月土王",
  "keywords": [
    "荒川大葬",
    "辉月土王",
    "耀阳土王"
  ],
  "skill_info": {
    "priority": 9,
    "power": 120,
    "pp": 10,
    "type": "土",
    "category": "物理"
  },
  "content": "技能：荒川大葬\n效果必中，威力伤害非必中。\n\n召唤沃土环境6回合，召唤失败则回复自身(自身最大精力*0.2)精力。\n\n删除对手全技能2PP。\n\n重置对手正负面强化，重置失败则回复自身其他技能1PP，且3回合内自身受到的威力伤害降低(10*对手正负面强化等级绝对值)%（上限80%）。\n\n若我方场下有“耀阳土王”，则重置强化失败时若本技能使用后PP不为0则回复本技能1PP。"
}