{
  "pet_name": "辉月土王",
  "keywords": [
    "星月吟",
    "辉月土王",
    "耀阳土王",
    "仇恨标记",
    "曜阳颂"
  ],
  "skill_info": {
    "priority": 15,
    "power": null,
    "pp": 4,
    "type": "土",
    "category": "变化"
  },
  "content": "技能：星月吟\n净化自身异常状态，免疫异常状态5回合。\n\n首回合回复自身35%已损精力，次回合回复50%已损精力。\n\n净化我方耀阳土王异常与负面强化，净化成功则回复自身与耀阳土王除曜阳颂外的技能2pp。\n\n若我方场下当前血量低于50％的宠物数≥4或我方场下宠物存活宠物当前血量总和＜最大血量总和的40％，回复我方场下存活宠物30%各自最大精力，回复自身与耀阳土王除曜阳颂外的技能1pp。\n\n次回合起每回合净化自身负面强化，净化成功则赋予对方仇恨标记（全局有效，上限1个）。"
}