{
  "pet_name": "辉月土王",
  "keywords": [
    "紫岩壁垒",
    "辉月土王"
  ],
  "skill_info": {
    "priority": 12,
    "power": 75,
    "pp": 8,
    "type": "土",
    "category": "物理"
  },
  "content": "技能：紫岩壁垒\n本技能无视混乱状态与反弹效果。\n\n威力伤害与屏蔽治疗的效果非必中，其余效果必中。\n\n强化自身物攻1级（上限4级）再造成伤害。\n\n使对方后手治疗无效。\n\n2回合内免疫威力伤害且将威力伤害的50%转移给对方场下血量最高宠物（相等则优先转移给靠左目标）。\n\n若场上有任意天气/环境则令对方使用技能额外消耗1pp持续3回合，否则获得2回合异常免疫。"
}