{
  "pet_name": "砾尊狂狮",
  "keywords": [
    "絷药援反",
    "砾尊狂狮",
    "白堕",
    "斗气",
    "鏖斗"
  ],
  "skill_info": {
    "priority": 13,
    "power": 60,
    "pp": 8,
    "type": "土",
    "category": "物理"
  },
  "content": "技能：絷药援反\n实际先手值(基础先手值+自身“白堕”标记数*0.5)（向下取整，上限15）。\n\n净化自身异常与负面后造成威力伤害，回复自身(200+自身“斗气”层数*2)精力。\n\n召唤沃土环境6回合，召唤失败则召唤血月天气6回合；\n\n若激活“鏖斗”血脉则改为优先召唤血月天气，召唤失败则召唤沃土环境。\n\n消耗自身(自身“白堕”标记数*0.5)层“白堕”标记（向下取整），删除对手最近使用技能(1+消耗的“白堕”标记数)PP。\n\n免疫异常6回合且回合内有以下效果：\n\n①自身每次受到的任意伤害减少50（至多减为1），自身双防能力值增加(自身不计强化物攻值*0.3)；\n\n②次回合起若自身(上回合PP总和-本回合PP总和)≥5，则发动技能删除对手全技能1PP并回复我方全体存活宠物（100+自身“斗气”层数*0.2）精力（不造成威力伤害）。\n\n*“白堕”标记上限5层，全局有效。\n\n*“斗气”上限100层，全局有效。"
}