{
  "pet_name": "砾尊狂狮",
  "keywords": [
    "冥主独裁",
    "砾尊狂狮"
  ],
  "skill_info": {
    "priority": 10,
    "power": 100,
    "pp": 15,
    "type": "恶魔",
    "category": "魔法"
  },
  "content": "技能：冥主独裁\n后手倒置强化效果必中，其他效果与伤害非必中。\n\n若本回合我方先手，则威力伤害前提升自身1级魔攻强化，若我方场下有幽灵/恶魔/毒系宠物，则改为提升2级魔攻且提升20威力；\n\n若本回合我方后手，则威力伤害前倒置自身负面强化，若我方场下有幽灵/恶魔/毒系宠物，则必中且提升100威力。\n\n以上效果结算完毕后造成威力伤害，若威力伤害不为0则追加(威力伤害*0.3)固伤并回复自身其他技能1PP。"
}