{
  "pet_name": "砾尊狂狮",
  "keywords": [
    "连云覆日",
    "砾尊狂狮",
    "白堕",
    "斗气",
    "披甲错戈"
  ],
  "skill_info": {
    "priority": 10,
    "power": 70,
    "pp": 12,
    "type": "土",
    "category": "魔法"
  },
  "content": "技能：连云覆日\n连续3回合发动技能，回合内自身免疫负面。\n\n首回合：\n\n①净化自身异常与负面，束缚对手并禁止对手后手精力回复效果；\n\n②若自身“白堕”标记数＝5，则召唤沃土环境6回合。\n\n次回合与末回合：\n\n不造成威力伤害，造成max(本技能首回合威力伤害*1, 80+50*自身相邻阵亡队友数)固伤（上限200）。\n\n末回合额外：\n\n若当回合我方先手，则赋予自身[(5-自身“白堕”标记数)*0.5]层“白堕”标记（向上取整），并令自身下一次（自身换下重置）主动使用“披甲错戈”技能时根据自身相邻阵亡队友数的追加效果变为无条件生效。\n\n若当回合我方后手，则赋予自身20层“斗气”，提升自身1级魔攻强化并免疫负面2回合。\n\n*“白堕”标记上限5层，全局有效。"
}