{
  "pet_name": "砾尊狂狮",
  "keywords": [
    "凌阵躐敌",
    "砾尊狂狮",
    "白堕",
    "斗气"
  ],
  "skill_info": {
    "priority": 12,
    "power": 110,
    "pp": 10,
    "type": "土",
    "category": "魔法"
  },
  "content": "技能：凌阵躐敌\n以下效果均在命中后生效，若我方任意相邻队友阵亡则必中。\n\n若则“斗气”层数＝100，则召唤沃土环境4回合。\n\n倒置自身负面，倒置后提升(20*自身正面强化等级总和)威力（上限90）并追加(30*自身“白堕”标记数)固伤。\n\n威力伤害后重置自身正面强化（强制），删除对手最近使用技能(本次重置的正面强化等级总和)PP（上限5）并造成（20*本次重置的正面强化等级总和）波及伤害（上限200）。\n\n若对手阵亡则回复我方全体存活宠物200精力，赋予自身2层“白堕”标记与20层“斗气”并重新获得本次重置的正面强化。\n\n*“白堕”标记上限5层，全局有效。\n\n*“斗气”上限100层，全局有效。"
}