{
  "pet_name": "砾尊狂狮",
  "keywords": [
    "披甲错戈",
    "砾尊狂狮",
    "白堕",
    "游魂",
    "连云覆日"
  ],
  "skill_info": {
    "priority": 11,
    "power": 125,
    "pp": 12,
    "type": "恶魔",
    "category": "魔法"
  },
  "content": "技能：披甲错戈\n召唤血月天气4回合。\n\n删除对手全技能(1+对手异常与正负面强化项数和*0.5)PP（向下取整，上限3）。\n\n威力伤害前造成(30*自身“白堕”标记数)固伤；对我方阵容中相邻位置的队友造成50固伤，若该效果导致队友阵亡，则赋予该阵亡队友“游魂”标记并赋予自身2层“白堕”标记。\n\n根据自身相邻阵亡队友数追加效果：\n\n①若我方相邻队友有任意1名阵亡，则令对手恐惧；\n\n②若我方相邻2名队友均阵亡，则威力伤害前倒置对手正面强化（强制）并锁定敌方强化等级持续3回合（回合内自身换下，则效果持续至对手换下）。\n\n*“白堕”标记上限5层，全局有效。"
}