{
  "pet_name": "砾尊狂狮",
  "keywords": [
    "胁天怼灵",
    "砾尊狂狮",
    "白堕",
    "斗气",
    "游魂"
  ],
  "skill_info": {
    "priority": 8,
    "power": 135,
    "pp": 10,
    "type": "恶魔",
    "category": "物理"
  },
  "content": "技能：胁天怼灵\n以下效果均在命中后生效，对boss必定miss。\n\n删除对手最近使用技能3PP。\n\n若本回合我方后手则有以下效果：\n\n①诱导对手下回合继续使用本回合技能；\n\n②根据对手本回合技能类型追加效果：\n\n若为威力技能，则提升(10*对手本回合技能当前PP值)威力（上限50）；\n\n若为变化技能，则回复自身与相邻非阵亡队友(10*对手本回合技能当前PP值)精力（上限50）。\n\n若未触发诱导效果，则威力伤害前造成(自身“斗气”层数+100*对手PP为0的技能数)固伤（上限200），并回复自身其他技能中当前PP值最少的技能2PP（靠左优先）。\n\n若自身“白堕”标记数＝5，则消耗2层“白堕”标记并禁锢对手2回合（即令对手无法主动行动；可穿透反弹效果）。\n\n若本技能使用后PP为0，则对自身造成9999固伤，并为存在“游魂”标记的阵亡队友清除其“游魂”标记并回复(50*自身“白堕”标记数)精力。\n\n*“白堕”标记上限5层，全局有效。\n\n*“斗气”上限100层，全局有效。"
}