{
  "pet_name": "梦魇紫罗",
  "keywords": [
    "寒音萦绕",
    "梦魇紫罗"
  ],
  "skill_info": {
    "priority": 11,
    "power": null,
    "pp": 10,
    "type": "幽灵",
    "category": "变化"
  },
  "content": "技能：寒音萦绕\n对敌方全体宠物造成一段固定伤害，额度为0.1*[自身最大精力+魔攻能力值（不计算强化等级）]。\n\n获得一回合闪避，一回合内每次被对方威力技能命中时，在对方技能结算后回复自身其他技能1pp。\n\n以上效果需在本技能命中时才可生效，以下效果必中：\n\n若场上不是迷雾天气，则令对方后手治疗变为伤害并赋予对方标记，拥有该标记的宠物每次主动使用技能结算完毕后令我方宠物进入混乱状态（对方换宠则解除）。\n\n若场上是迷雾天气，则对方3回合内使用技能额外消耗1pp。"
}