{
  "pet_name": "梦魇紫罗",
  "keywords": [
    "恶灵呼啸",
    "梦魇紫罗"
  ],
  "skill_info": {
    "priority": 10,
    "power": 100,
    "pp": 10,
    "type": "幽灵",
    "category": "魔法"
  },
  "content": "技能：恶灵呼啸\n本技能无视反弹类效果。\n\n（1）若对方不免疫【睡眠、冰冻、恐惧】这三种状态中的任意一种，则禁锢对方两回合（本回合对方后手还可行动，从下回合起的两回合内不可行动）；\n\n若三种状态都免疫，则清除对方正面强化（非强制）。\n\n（2）删除对方全体技能各自最大pp的10%（不足整数向上取整）。\n\n若本回合受到先手伤害，则威力提升至130，且删除pp比例提高为20%。\n\n​若未受到先手伤害，则回复当前pp余量最少的其他技能2pp（靠左优先）。"
}```