{
  "pet_name": "梦魇紫罗",
  "keywords": [
    "无形铠甲",
    "梦魇紫罗"
  ],
  "skill_info": {
    "priority": 15,
    "power": null,
    "pp": 5,
    "type": "幽灵",
    "category": "变化"
  },
  "content": "技能：无形铠甲\n净化自身，回复50%最大精力。召唤迷雾天气5回合，5回合内有如下效果：\n\n（1）免疫异常状态和负面强化；\n\n（2）自身抗性数值降低60%，并减免所受所有伤害的60%（不会被日月之眼血脉破除）；\n\n（3）每次受到威力伤害后返还一段固伤，额度为 [0.2*自身已损失精力+20*本技能已消耗pp数量]；"
}