{
  "pet_name": "权天使·肆意",
  "keywords": [
    "乘风万里",
    "权天使·肆意",
    "青霄松风",
    "飞宇云浮",
	"权天使肆意"
  ],
  "skill_info": {
    "priority": 9,
    "power": 100,
    "pp": 12,
    "type": "光系",
    "category": "魔法"
  },
  "content": "技能：乘风万里\n若青霄松风pp为0则删除对方本回合使用的技能3pp。\n\n提升（青霄松风当前pp值*20）威力并强制重置对方的正面强化。\n\n若重置前对方不携带正面强化，则回复除飞宇云浮外全体技能1pp。\n\n造成威力伤害后追加（对方已损精力*0.2）固伤，曙光天气下额度提升至（对方已损精力*0.25）。"
}