{
  "pet_name": "权天使·肆意",
  "keywords": [
    "神意凌风",
    "权天使·肆意",
    "青霄松风",
	"权天使肆意"
  ],
  "skill_info": {
    "priority": 10,
    "power": 120,
    "pp": 10,
    "type": "光系",
    "category": "魔法"
  },
  "content": "技能：神意凌风\n迷惑对方，若被免疫且青霄松风还有pp则删除对方全体技能1pp。\n\n若对方为恶魔系宠物则必定暴击，否则回复我方队友（威力伤害*0.3）精力。\n\n曙光天气下造成（威力伤害*0.3）波及伤害。\n\n若携带了青霄松风且其pp为0，删除对方全体技能2pp。"
}