{
  "pet_name": "权天使·肆意",
  "keywords": [
    "飞宇云浮",
    "权天使·肆意",
    "青霄松风",
	"权天使肆意"
  ],
  "skill_info": {
    "priority": 12,
    "power": null,
    "pp": 4,
    "type": "光系",
    "category": "魔法"
  },
  "content": "技能：飞宇云浮\n先手+4，列宅紫宫里，飞宇若云浮。连续三回合发动技能，青霄松风PP耗尽时回合内免疫异常和负面。首回合净化自身且强化魔攻，反弹对手后手攻击，后手则降低对手魔防。后续回合回复部分精力，青霄松风PP耗尽时提升回复效果并造成伤害。"
}