{
  "pet_name": "权天使·肆意",
  "keywords": [
    "青霄松风",
    "权天使·肆意",
	"权天使肆意"
  ],
  "skill_info": {
    "priority": 15,
    "power": null,
    "pp": 4,
    "type": "光系",
    "category": "变化"
  },
  "content": "技能：青霄松风\n净化自身并回复50%精力，召唤曙光天气8回合。\n\n8回合内自身免疫异常和负面、免疫暴击（自身换下失效），自身造成的威力伤害提升20%、所受任意伤害降低30%。\n\n其余技能中除特别指出携带本技能的情况外，其余效果在未携带本技能的情况下默认将本技能pp视为0。"
}