{
  "pet_name": "希柯莉",
  "keywords": [
    "妙舞凝睇",
    "希柯莉",
    "舞伴",
    "裁虹之姿",
    "烬羽之姿",
    "共舞",
    "裁虹箑影",
    "烬羽谢幕"
  ],
    "skill_info": {
    "priority": 15,
    "power": null,
    "pp": 2,
    "type": "翼",
    "category": "变化"
  },
  "content": "技能：妙舞凝睇\n净化自身，回复自身50%最大精力，免疫异常并召唤疾风天气6回合，回合内：\n\n（1）基础速度值视为提升100点；\n\n（2）每次受到的任意伤害降低（70+20*双方自身舞伴数量）点，受到大于自身最大精力50%的克制伤害时限制其不超过自身最大精力的30%；\n\n（3）裁虹之姿下主动使用作用目标为“敌方”的技能之前召唤疾风天气3回合，烬羽之姿下造成的威力伤害提升20%。\n\n本技能PP免疫删除，仅可被本技能与及【共舞】血脉的特定效果回复。\n\n被动效果（需携带本技能）：\n\n（1）本技能PP为1时视为进入裁虹之姿，PP为2时视为进入烬羽之姿。\n\n（2）若【裁虹箑影】/【烬羽谢幕】两技能中全局最后一次使用的是【裁虹箑影】则使用本技能后将PP置于1，是【烬羽谢幕】则置于2，否则回复本技能1PP；但连续3次主动使用本技能会将PP置为0。\n\n（3）对敌方同一目标主动使用作用目标为“敌方”的技能3次后，使其成为自身舞伴并为其强化1级命中。\n\n（4）退场后（阵亡退场时不触发）使换上的我方队友成为自身舞伴。\n\n（5）上场时若本技能PP为0则免疫异常2回合。\n\n补充说明：双方各自只能存在一名自身舞伴，新成为的舞伴会取代原有舞伴；相关宠物阵亡后不再视为自身舞伴。"
}