{
  "pet_name": "希柯莉",
  "keywords": [
    "莲步生花",
    "希柯莉",
    "烬羽谢幕",
    "裁虹箑影",
    "妙舞凝睇"
  ],
    "skill_info": {
    "priority": 11,
    "power": 100,
    "pp": 12,
    "type": "翼",
    "category": "魔法"
  },
  "content": "技能：莲步生花\n以下效果均在命中后生效，触发额外回合时，每回合独立判定命中。\n\n（1）威力伤害前重置自身除魔攻外的正面强化，获得与重置等级总数等额的魔攻强化并在威力伤害后重置魔攻强化。\n\n（2）威力伤害后根据本次是否触发重置魔攻强化追加效果：\n\n● 触发重置：额外发动本技能（重置的魔攻等级数）回合；\n\n● 未触发重置：删除对手上回合技能3PP并强化自身1级魔攻。\n\n额外回合：（若有）\n\n● 若本回合主动使用了【烬羽谢幕】则本技能提升（40%*对手所用技能基础威力，上限60）点威力，使用了【裁虹箑影】则追加（8*对手所用技能基础先手值）点固伤；\n\n● 若首回合重置的魔攻等级数≥3则删除对手本回合技能2PP并回复自身（20*首回合重置的魔攻等级数）点精力。\n\n● 末回合重新获得首回合重置的魔攻强化。"
}