{
  "pet_name": "希柯莉",
  "keywords": [
    "烬羽谢幕",
    "希柯莉",
    "舞伴",
    "烬羽之姿",
    "妙舞凝睇",
    "莲步生花"
  ],
    "skill_info": {
    "priority": 10,
    "power": 125,
    "pp": 15,
    "type": "翼",
    "category": "魔法"
  },
  "content": "技能：烬羽谢幕\n（1）删除对手最近使用技能3PP。\n\n（2）提升（40*双方自身舞伴数量）点威力，威力伤害前倒置自身负面且倒置成功时降低对手1级魔防（非强制）。\n\n（3）敌方场下存在自身舞伴时：威力伤害前额外造成（100威力，以敌方的自身舞伴主属性计算克制关系，以敌方的自身舞伴计算强化的优势攻击作为攻击方能力值并决定伤害类型的威力伤害，上限180）点固伤（若双攻相等则优先以魔法伤害计算固伤）。\n\n（4）烬羽之姿下威力伤害前强化自身1级魔攻（上限3级），本次固伤提升【30+15*min（自身魔攻正面强化等级，1）+15*min（自身魔攻外正面强化等级，1）】%。\n\n补充说明：双方各自只能存在一名自身舞伴，新成为的舞伴会取代原有舞伴；相关宠物阵亡后不再视为自身舞伴。"
}