{
  "pet_name": "希柯莉",
  "keywords": [
    "旋裳卷星",
    "希柯莉",
    "舞伴"
  ],
    "skill_info": {
    "priority": 11,
    "power": null,
    "pp": 12,
    "type": "光",
    "category": "变化"
  },
  "content": "技能：旋裳卷星\n以下效果均在命中后生效。\n\n（1）免疫异常2回合，为自身及我方舞伴回复（20%*自身最大精力）点精力，给对手造成（100威力，以对手主属性计算克制关系，以对手计算强化的优势攻击作为攻击方能力值并决定伤害类型的威力伤害，上限180）点固伤（若双攻相等则优先以魔法伤害计算固伤）。\n\n（2）先手时反转受到的后手负面强化效果。\n\n（3）若本回合双方技能基础先手值之差≤1则强化自身1级魔攻，否则删除对手本回合技能（25%*该技能最大PP值，向上取整）PP。\n\n（4）根据双方舞伴情况追加效果：\n\n● 我方场下存在舞伴时：强制重置对手正面强化，重置成功则使自身及我方舞伴获得分别半数强化（取半时向下取整；每次在场最多触发1次）；\n\n● 场上对手已成为自身舞伴时，若对手存在异常/负面则将其驱逐下场（每次在场最多触发1次）。\n\n补充说明：双方各自只能存在一名自身舞伴，新成为的舞伴会取代原有舞伴；相关宠物阵亡后不再视为自身舞伴。"
}