{
  "pet_name": "希柯莉",
  "keywords": [
    "裁虹箑影",
    "希柯莉",
    "舞伴",
    "裁虹之姿",
    "妙舞凝睇",
    "莲步生花"
  ],
    "skill_info": {
    "priority": 10,
    "power": 120,
    "pp": 15,
    "type": "光",
    "category": "魔法"
  },
  "content": "技能：裁虹箑影\n（1）恐惧对手，删除对手全技能1PP并将对手高于-1级的双攻强制降低1级。\n\n（2）我方场下存在自身舞伴时：威力伤害前额外造成（100威力，以我方舞伴主属性计算克制关系，以我方舞伴计算强化的优势攻击作为攻击方能力值并决定伤害类型的威力伤害，上限180）点固伤（若双攻相等则优先以魔法伤害计算固伤），造成固伤后净化我方舞伴的异常并倒置其负面，净化或倒置成功后每次使用本技能额外删除对手全技能1PP直至自身换下。\n\n（3）裁虹之姿下若我方场下存在舞伴，则本技能威力提升（20+20*我方舞伴正面强化项数，上限80）点。\n\n补充说明：双方各自只能存在一名自身舞伴，新成为的舞伴会取代原有舞伴；相关宠物阵亡后不再视为自身舞伴。"
}