{
  "pet_name": "晨曦凯露儿",
  "keywords": [
    "红镜灼炎",
    "晨曦凯露儿",
    "扶光东起",
    "华景长明",
    "青霄丹霞",
    "初阳形态",
    "晨曦形态",
    "阳炎灼伤"
  ],
  "skill_info": {
    "priority": 8,
    "power": null,
    "pp": 10,
    "type": "光",
    "category": "变化"
  },
  "content": "技能：红镜灼炎\n连续3回合发动技能。\n\n1.每回合造成一段额度为 0.08*自身最大精力+20*累计回合数（即20/40/60，重复使用则重新计算回合数）的固伤。\n\n2.每回合根据华景长明pp是否为0追加效果：\n若不为0则清除对手正面强化（非强制），若为0则删除其最近使用的技能2pp。\n\n3.首回合若本技能命中，则令对方最近使用的技能在后续3回合内无法命中，吸取对方场下被标记且血量最高的宠物当前精力的20% （至少吸取80）回复自身。\n波及不致死，若对手场下无宠物被标记或者当前精力不大于80，则依然回复自身80精力。\n若场上没有天气、环境，则令对方3回合内pp消耗量+1，自身换宠则失效。\n若华景长明pp不为0，则为对手施加标记（阳炎灼伤）。\n\n4.本技能仅首回合能够触发扶光东起与华景长明标注的“通用效果”。\n\n5.若本技能miss则首回合仅能触发扶光东起与华景长明标注的“通用效果”，首回合无其他效果且后续回合无法被带出。若首回合命中则后2回合依然有机会出现miss。"
}