{
  "pet_name": "晨曦凯露儿",
  "keywords": [
    "扶光东起",
    "晨曦凯露儿",
    "华景长明",
    "红镜灼炎",
    "青霄丹霞",
    "初阳形态",
    "晨曦形态"
  ],
  "skill_info": {
    "priority": 12,
    "power": 100,
    "pp": 5,
    "type": "光",
    "category": "物理"
  },
  "content": "技能：扶光东起\n1.净化自身并回复30%精力，5回合内免疫异常和负面且期间受到的每段伤害不超过200。\n\n2.倒置自身负面强化，且无视对手大于0的物防等级造成伤害（先回血和获得防控、限伤再伤害）。\n\n3.根据华景长明pp是否为0追加效果：\n（1）若不为0，则删除对手全体技能2pp；\n（2）若为0，则基础威力提升至110且必定暴击，对敌方全体被标记且在场下的宠物造成额度为威力伤害*（0.45-0.05*场下被标记的宠物数）的波及伤害。\n（即仅一只宠物被标记时0.4倍率，每多一只宠物被标记，波及倍率衰减0.05），波及不致死。\n\n4.通用效果：本技能pp为0时，主动使用华景长明、红镜灼炎或青霄丹霞均会回复本技能1pp。"
}