{
  "pet_name": "晨曦凯露儿",
  "keywords": [
    "华景长明",
    "晨曦凯露儿",
    "扶光东起",
    "红镜灼炎",
    "青霄丹霞",
    "初阳形态",
    "晨曦形态"
  ],
  "skill_info": {
    "priority": 15,
    "power": null,
    "pp": 1,
    "type": "光",
    "category": "变化"
  },
  "content": "技能：华景长明\n1.本技能免疫删除pp效果且无法被回复。若本技能pp为0，则进入“初阳形态”，反之则为“晨曦形态”，不携带本技能时默认pp为0。\n\n2.主动使用时回复自身全部精力与上一回合使用的技能10pp，若上一回合未使用技能则回复首格技能10pp；\n回复pp为0的技能1pp，免疫所有伤害1回合。\n使用本技能后永久免疫异常状态（换下换上依然有效），\n\n3.通用效果：处于初阳形态中时，当自身使用其他专属技能且该技能使用后pp不为0，则会回复华景长明以外的pp为0的技能1pp。"
}