{
  "pet_name": "晨曦凯露儿",
  "keywords": [
    "青霄丹霞",
    "晨曦凯露儿",
    "扶光东起",
    "华景长明",
    "红镜灼炎",
    "初阳形态",
    "晨曦形态"
  ],
  "skill_info": {
    "priority": 9,
    "power": 110,
    "pp": 10,
    "type": "光",
    "category": "物理"
  },
  "content": "技能：青霄丹霞\n1.令对方恐惧，若被免疫则清除场上天气环境并锁定为“无天气”3回合。\n\n2.提升自身攻击1级再造成伤害。\n\n3.根据华景长明pp是否为0追加效果：\n（1）若不为0，则对敌方场下宠物造成波及伤害，额度=0.2*自身速度能力值+0.15*对方场上宠物已损失精力；\n先计算波及伤害再造成威力伤害，并将本技能威力伤害的40%回复给自身。\n（2）若为0，则净化自身负面（不净化异常），强制清除自身物攻以外的正面强化与光系队友携带的全部正面强化，据此额外提升n级物攻。\nn=净化的负面项数+清除的队友的正面项数+清除的自身物攻以外的正面强化项数。\n先执行此项效果以获得n级物攻强化后再执行“强化1级物攻”的基础效果。\n\n4.使用本技能后自身物攻等级的上限为4级，若高于4级则被降低至4级。\n\n5.本技能miss时仅威力伤害、施加恐惧和清锁天气的效果无效，其余效果（包括扶光东起、华景长明标注的“通用效果”）均有效。"
}