{
  "pet_name": "史小韵",
  "keywords": [
    "墨笔流芳",
    "史小韵"
  ],
  "skill_info": {
    "priority": 11,
    "power": 105,
    "pp": 10,
    "type": "石",
    "category": "魔法"
  },
  "content": "技能：墨笔流芳\n威力伤害与固伤非必中，其余效果必中，非陨石天气下均必中。\n本技能实际威力=105+对方不计强化的双防差绝对值*0.2，上限200。\n删除对方最近使用技能2pp。\n非陨石天气下追加(对方当前精力*0.35-对方不计强化的双防差绝对值*0.7)固伤（至少为0，对BOSS最多200）。\n令自身下一次威力技能无视克制抵抗关系，将敌方魔抗等级置于-2再造成伤害，若对方免疫负面则回复墨笔流芳1pp并将自身魔攻等级置于1再造成伤害。"
}