{
  "pet_name": "史小韵",
  "keywords": [
    "鸿篇细作",
    "史小韵"
  ],
  "skill_info": {
    "priority": 9,
    "power": null,
    "pp": 10,
    "type": "草",
    "category": "变化"
  },
  "content": "技能：鸿篇细作\n以下效果均在命中后生效，我方当前血量低于对方时必中。\n召唤芬芳环境(我方场下草系宠物数)回合，至少2回合。\n催眠并束缚敌方，均成功则造成999点斩杀伤害（对BOSS为200），任意一项被免疫则强制重置对方双攻正负面强化，对方无双攻正负面强化时删除其全体技能1pp并回复自身其他技能1pp。\n强制重置自身除魔攻正面外的正负面强化，成功则强制降低自身1级闪避并删除对方全体技能1pp。\n净化自身异常，成功则强制降低自身1级速度并回复自身其他技能1pp。\n吸取对方(80+60*净化成功的异常项数+60*重置成功的正负面强化项数)精力回复自身。\n成功重置强化或净化异常则锁定自身强化3回合。"
}