{
  "pet_name": "史小韵",
  "keywords": [
    "积羽沉舟",
    "史小韵"
  ],
  "skill_info": {
    "priority": 10,
    "power": 135,
    "pp": 12,
    "type": "草",
    "category": "魔法"
  },
  "content": "技能：积羽沉舟\n本技能所造成的伤害不会超过（0.4*自身不计强化的魔攻能力值），若原始伤害高于此值则追加效果：\n\n①0＜超出值≤0.15*自身不计强化的魔攻能力值：降低自身1级闪避（非强制）并造成（60+超出值）波及伤害和回复自身（60+超出值）精力。\n\n②超出值＞0.15*自身不计强化的魔攻能力值：删除对方全体技能2pp，使自身下一次使用的威力技能必定暴击。\n\n先手时倒置对方后手治疗，后手时为我方场下全体回复150精力。\n\n若伤害被抵抗或强力抵抗，则令对方后手非必中技能不可命中，并删除对方本回合所用技能3pp。"
}