{
  "pet_name": "史小韵",
  "keywords": [
    "千古绝唱",
    "史小韵"
  ],
  "skill_info": {
    "priority": 13,
    "power": null,
    "pp": 6,
    "type": "石",
    "category": "变化"
  },
  "content": "技能：千古绝唱\n被动免疫混乱与睡眠。\n\n净化自身异常与负面强化，回复自身(100*场上双方非变化技能数)精力。\n召唤陨石天气及免疫异常均持续5回合，召唤天气失败则防控回合延长一回合。\n防控回合内有以下效果：\n令自身所受每段伤害减少(80-20*受到任意伤害次数)，受伤次数与血脉通用，若所受伤害小于等于减免额度则自身受到1点伤害，若首回合召唤天气失败则减免额度至少为30。\n次回合起若我方变化技能pp少于上回合则回复自身200精力并判定对方是否换宠追加效果：\n  若未换宠则在对方变化技能pp大于等于上回合时删除其最近使用技能2pp，若首回合召唤天气失败时pp删除量+1；\n  若换宠则删除对方当前pp最多的技能3pp并回复自身当前pp最少的技能3pp，若有多个时均优先选择靠左技能。"
}