{
  "pet_name": "史小韵",
  "keywords": [
    "绝境祷言",
    "史小韵"
  ],
  "skill_info": {
    "priority": 11,
    "power": 100,
    "pp": 10,
    "type": "石",
    "category": "魔法"
  },
  "content": "技能：绝境祷言\n效果必中，威力伤害非必中。\n\n根据自身剩余血量追加效果：\n\n当血量大于等于50%时，造成威力=100的魔法伤害，删除敌方场上宠物全体技能1PP；\n\n当血量在25%到50%之间时，造成威力=150的魔法伤害，删除敌方场上宠物全体技能2PP，最后会回复全队自身最大生命*0.2的血量；\n\n当血量小于等于25%时，造成威力=200的魔法伤害，删除敌方场上宠物全体技能3PP，会回复全队自身最大生命*0.4的血量。"
}