{
  "pet_name": "战斗暴龙兽",
  "keywords": [
    "龙兽克星",
    "战斗暴龙兽"
  ],
  "skill_info": {
    "priority": 11,
    "power": null,
    "pp": 8,
    "type": "龙",
    "category": "变化"
  },
  "content": "技能：龙兽克星\n连续3回合发动技能，回合内自身免疫异常。\n\n每回合：\n\n①若场上为龙阵环境，则回复自身50精力；\n\n②若场上不为龙阵环境，则1回合内自身威力技能提升50威力。\n\n首回合额外：\n\n①令对手恐惧，被免疫则有以下效果：\n\nI. 若本回合我方先手，则令对手后手精力回复效果变为等量伤害（对boss无效）；\n\nII. 若本回合我方后手，且自身当前精力＜对手当前精力，则回复自身(对手当前精力-自身当前精力)精力（上限200）精力，对对手造成等量固伤。\n\n②重置自身正负面强化（非强制），重置成功则次回合回复自身当回合主动使用其他技能(首回合重置项数*0.5)PP（向上取整）。"
}