{
  "pet_name": "战斗暴龙兽",
  "keywords": [
    "战斗龙卷风",
    "战斗暴龙兽"
  ],
  "skill_info": {
    "priority": 10,
    "power": 150,
    "pp": 10,
    "type": "龙",
    "category": "物理"
  },
  "content": "技能：战斗龙卷风\n净化自身异常与负面，召唤龙阵环境3回合。\n\n召唤成功则闪避对手后手非必中技能；\n\n召唤失败则降低对手1级物防（非强制，若对手当前精力＞(对手最大精力*0.5)则强制）。\n\n追加(40+对手已损精力*0.2)固伤（上限150），令对手下回合使用技能额外消耗1PP。"
}