{
  "pet_name": "战斗暴龙兽",
  "keywords": [
    "盖亚能量炮",
    "战斗暴龙兽",
    "能量炮余威"
  ],
  "skill_info": {
    "priority": 9,
    "power": 150,
    "pp": 12,
    "type": "火",
    "category": "物理"
  },
  "content": "技能：盖亚能量炮\n以下效果均在命中后生效。\n\n删除对手全技能1PP。\n\n召唤暴晒天气3回合，召唤失败则额外删除对手全技能1PP并回复自身其他技能1PP。\n\n重置对手正面强化（非强制），重置失败则回复自身(自身最大精力*0.1+威力伤害*0.15)精力。\n\n赋予自身1层“能量炮余威”标记（全局有效）。\n\n若造成抵抗伤害，则额外赋予自身1层“能量炮余威”标记；\n\n若造成克制伤害，则造成(威力伤害*0.3)波及伤害（上限100）。\n\n以上效果结算完毕后，追加(50+对手最大精力*0.02*自身“能量炮余威”标记数)固伤（上限为(对手最大精力*0.2)）。"
}