{
  "pet_name": "战斗暴龙兽",
  "keywords": [
    "勇气之盾",
    "战斗暴龙兽"
  ],
  "skill_info": {
    "priority": 15,
    "power": null,
    "pp": 6,
    "type": "龙",
    "category": "变化"
  },
  "content": "技能：勇气之盾\n净化自身异常与负面，回复自身(自身最大精力*0.5)精力。\n\n免疫异常和负面并召唤龙阵环境均持续5回合。\n\n首回合若我方先手，则免疫后手造成的任意伤害，并记录本次免疫的伤害总和。\n\n后续4回合内有以下效果：\n\n①自身每次受到的任意伤害减少(50+首回合记录值*0.2，上限100)；\n\n②每回合若自身其他技能PP值均为0，则对自身造成(自身当前精力*0.3)固伤，回复自身其他技能1PP。"
}