{
  "pet_name": "光之雪莉",
  "keywords": [
    "希望之光",
    "光之雪莉"
  ],
  "skill_info": {
    "priority": 15,
    "power": null,
    "pp": 4,
    "type": "光",
    "category": "变化"
  },
  "content": "技能：希望之光\n被动免疫诅咒、恐惧。\n\n净化自身异常与负面，回复自身[自身最大精力*(0.3+0.005*自身亲密值)]精力，回复我方场下存活宠物[该宠物最大精力*(0.1+0.001*自身亲密值)]精力，免疫异常与负面5回合。"
}