{
  "pet_name": "光之雪莉",
  "keywords": [
    "圣光祝福",
    "光之雪莉"
  ],
  "skill_info": {
    "priority": 10,
    "power": null,
    "pp": 6,
    "type": "光",
    "category": "变化"
  },
  "content": "技能：圣光祝福\n令我方全体造成造成的威力伤害提升(自身亲密值*0.2)%持续5回合。\n\n若自身当前精力低于(自身最大精力*0.25)，则重置双方全体宠物正负面强化（强制）并锁定全场强化等级持续5回合。\n\n（回合内若自身换下或阵亡，则增伤效果持续至本场战斗结束，全场锁强效果全局无法被清除）。"
}