{
  "pet_name": "战钺蟠龙",
  "keywords": [
    "戕钺御体",
    "战钺蟠龙",
    "封印",
    "震天龙吟"
  ],
  "skill_info": {
    "priority": 14,
    "power": null,
    "pp": 4,
    "type": "武",
    "category": "变化"
  },
  "content": "技能：戕钺御体\n净化自身异常与负面强化，回复自身（150+自身已损精力*0.4）的精力。\n\n召唤化境环境6回合，闪避克制系技能一回合。\n\n免疫异常状态6回合，回合内受到威力伤害时对敌方场下全体宠物造成（对方双攻能力值较高一项*0.1）的波及伤害（不计强化）。\n\n6回合内每回合判断自身是否存在封印标记：\n\n若无，反弹对方威力伤害一回合并赋予自身封印标记（全局有效）。\n\n若有，刷新一个额度为（30+对方双攻能力值较高一项*0.2）的护盾，若场上无天气环境则护盾额度提升25%（不计强化）。"
}