{
  "pet_name": "战钺蟠龙",
  "keywords": [
    "睁眉怒目",
    "战钺蟠龙"
  ],
  "skill_info": {
    "priority": 11,
    "power": null,
    "pp": 10,
    "type": "龙",
    "category": "变化"
  },
  "content": "技能：睁眉怒目\n连续3回合发动技能:\n\n首回合额外恐惧对方，且免疫掉血异常三回合（即：烧伤、诅咒、寄生、中毒、剧毒） ;\n\n每回合:\n\n1.对对方造成（我方计算强化等级的物攻能力值*0.1+对方已损精力*0.1）的固伤(上限140) ;\n\n2.回复自身（敌方计算强化等级的防御能力值*0.1）点生命值;\n\n3.删除对方全体技能1pp。"
}