{
  "pet_name": "战钺蟠龙",
  "keywords": [
    "震天龙吟",
    "战钺蟠龙",
    "戕钺御体"
  ],
  "skill_info": {
    "priority": 9,
    "power": 100,
    "pp": 12,
    "type": "龙",
    "category": "物理"
  },
  "content": "技能：震天龙吟\n追加（敌方已损精力值*0.25）固伤（对BOSS最多200）。然后： （所有效果全部必中）\n\n①1回合内若自身受到威力伤害且本技能pp值≤7且戕钺御体PP值≤2时，敌方技能结束后回复自身戕钺御体1pp值；\n\n②令对方pp消耗额外+1持续3回合（换下则失效）；\n\n③清除对方正面强化（非强制），清除失败（对方无强化不算失败）则删除对方全体技能（对方正面强化等级之和*1，上限2）pp；\n\n④重置自身正负面强化再造成威力伤害，若重置成功则锁定自身强化5回合；\n\n⑤为己方场下血量最低的队友回复[0.2*（1+我方场下精力不足20%的宠物数）*自身最大精力]（若有多个血量一致的目标则优先回复背包靠前的宠物）;\n\n​若自身其他技能pp值<=其各自pp最大值的一半， 则为其回复1pp （回复pp效果在造成威力伤害后）。"
}