{
  "pet_name": "战钺蟠龙",
  "keywords": [
    "知彼益己",
    "战钺蟠龙"
  ],
  "skill_info": {
    "priority": 11,
    "power": 90,
    "pp": 10,
    "type": "武",
    "category": "物理"
  },
  "content": "技能：知彼益己\n重置自身正面强化，使对方后手治疗无效。\n\n清除场上天气，清除成功则获得异常免疫一回合并删除对方全体技能2pp（先删pp再计算血脉的空pp威力增幅）。\n\n若对方处于“必闪”状态则提升30威力。"
}