{
  "pet_name": "阿尔贝西",
  "keywords": [
    "谋攻",
    "阿尔贝西",
    "奇正"
  ],
  "skill_info": {
    "priority": 10,
    "power": 110,
    "pp": 15,
    "type": "石",
    "category": "魔法"
  },
  "content": "技能：谋攻\n以下效果均在命中后生效。\n\n令对手恐惧。\n\n若本回合自身出招前未受伤害，则召唤陨石天气3回合。\n\n提升自身1级魔攻强化；若对手本回合使用威力技能，则追加(威力伤害*0.3)固伤（上限150）。\n\n1回合内若自身阵亡，则令对手下一次使用技能先手值减2。\n\n若自身处于“奇正”技能回合内，则本技能必中，若对手存在双防正面强化，则造成威力伤害时视对手魔防为(对手较高双防正面强化等级*-1)级（最低视为-3级）。"
}