{
  "pet_name": "阿尔贝西",
  "keywords": [
    "设伏",
    "阿尔贝西",
    "虚实",
    "奇正"
  ],
  "skill_info": {
    "priority": 9,
    "power": 120,
    "pp": 15,
    "type": "恶魔",
    "category": "魔法"
  },
  "content": "技能：设伏\n召唤血月天气3回合，召唤成功则造成(40*|召唤前天气回合数-召唤后天气回合数|)固伤（上限150）。\n\n若本回合我方先手且对手使用威力技能，则令对手后手精力回复效果失效。\n\n若自身处于“虚实”技能回合内，则提升40威力，重置自身除魔攻正面强化外的正负面强化，提升自身(1+重置的强化等级绝对值和)级魔攻强化，并获得(威力伤害*0.3)护盾（可叠加，总上限200）。\n\n若自身处于“奇正”技能回合内，回复自身(威力伤害*0.3)精力，令对手下一次使用技能先手值减1（不叠加）。"
}