{
  "pet_name": "阿尔贝西",
  "keywords": [
    "奇正",
    "阿尔贝西",
    "虚实",
    "石化之眼",
    "不辨自清",
    "设伏",
    "谋攻"
  ],
  "skill_info": {
    "priority": 15,
    "power": null,
    "pp": 8,
    "type": "石",
    "category": "变化"
  },
  "content": "技能：奇正\n终止“虚实”技能所有效果。\n\n净化自身异常与负面，回复自身(自身最大精力*0.5)精力。\n\n免疫异常与负面并召唤陨石天气均持续7回合，回合内有以下效果：\n\n①强化“石化之眼”技能效果，使其在威力伤害前召唤陨石天气3回合并删除对手最近使用技能2PP；\n\n②自身石系威力技能提升40威力，恶魔系威力技能降低40威力；\n\n③自身石系威力技能先手值加1，恶魔系威力技能先手值减1；\n\n④自身受到致命伤害时，对对手造成(本回合自身受到的最后一次威力伤害*1)固伤（对boss无效）。"
}