{
  "pet_name": "阿尔贝西",
  "keywords": [
    "虚实",
    "阿尔贝西",
    "不辨自清",
    "奇正",
    "内讧",
    "设伏"
  ],
  "skill_info": {
    "priority": 15,
    "power": null,
    "pp": 4,
    "type": "恶魔",
    "category": "变化"
  },
  "content": "技能：虚实\n本技能PP免疫删除，仅可被“不辨自清”技能回复。\n\n终止“奇正”技能所有效果。\n\n净化自身异常与负面，回复自身(自身最大精力*0.5)精力，回复自身其他技能1PP。\n\n免疫异常并召唤血月天气均持续7回合，回合内有以下效果：\n\n①强化“内讧”技能效果，使其在造成威力伤害时视自身魔攻强化为(自身实际魔攻强化等级+敌方场下存活宠物最高正面强化等级)级（上限6级），并追加(30*敌方场下存活宠物正面强化项数和)固伤（上限150）；\n\n②自身恶魔系威力技能先手值加1，石系威力技能先手值减1；\n\n③自身每次受到的固伤减少80（至多减为1）；\n\n④自身受到致命伤害时，保留1精力（自身每次上场至多触发1次）。"
}