{
  "pet_name": "阿尔贝西",
  "keywords": [
    "岩雷崩",
    "阿尔贝西"
  ],
  "skill_info": {
    "priority": 8,
    "power": 100,
    "pp": 10,
    "type": "石",
    "category": "魔法"
  },
  "content": "技能：岩雷崩\n以下效果均在命中后生效。\n删除对方全体技能(各技能最大PP*0.1)PP（向上取整），回复自身除本技能外PP最少的技能2PP（优先回复靠左技能）。\n根据本回合我方先后手追加效果：\n  若先手，则提升20威力并回复自身(50+自身已损精力*0.5)精力，且若对手为土/武/机械系额外提升50威力；\n  若后手，则PP删除量提升至(各技能最大PP*0.2)PP（向上取整）并对敌方场下全体造成(本次威力伤害*0.2)波及伤害。"
}