{
  "pet_name": "阿尔贝西",
  "keywords": [
    "恶魔之盾",
    "阿尔贝西"
  ],
  "skill_info": {
    "priority": 8,
    "power": null,
    "pp": 5,
    "type": "恶魔",
    "category": "变化"
  },
  "content": "技能：恶魔之盾\n所有效果必中。\n\n首回合提升自身3级物防与魔防。\n\n末回合降低自身3级物防与魔防（非强制）。\n\n*注：战斗信息可能提示“可惜没有命中”，不影响本技能实际效果，但可能触发部分技能“闪避成功”的判定。"
}