{
  "pet_name": "阿尔贝西",
  "keywords": [
    "不辨自清",
    "阿尔贝西",
    "虚实",
    "奇正"
  ],
  "skill_info": {
    "priority": 11,
    "power": 120,
    "pp": 15,
    "type": "土",
    "category": "魔法"
  },
  "content": "技能：不辨自清\n判定“额外回合”的效果必中，伤害与其他效果非必中。\n\n若自身处于“虚实”技能回合内，则重置对手双防正面强化（强制）并锁定敌方强化等级3回合（回合内自身换下，则效果持续至对手换下，下同）；\n\n若自身处于“奇正”技能回合内，则重置对手双攻正面强化（强制）并锁定敌方强化等级3回合。\n\n若对手本回合使用变化技能，则自身本次在场每次使用本技能均会额外发动1回合。\n\n额外回合提升30威力，若我方后手：\n\n①若对手当回合使用威力技能，则回复自身“虚实”技能1PP并驱逐自身；\n\n②若对手当回合使用变化技能，则驱逐对手（自身每次在场最多生效1次）。"
}