{
  "pet_name": "渚雷",
  "keywords": [
    "逆流",
    "渚雷",
    "灯引日换"
  ],
  "skill_info": {
    "priority": 9,
    "power": 100,
    "pp": 8,
    "type": "恶魔",
    "category": "物理"
  },
  "content": "技能：逆流\n连续2回合发动攻击，每回合独立判定命中，首回合命中时次回合一定命中。以下效果均在命中后生效：\n\n首回合：\n\n造成威力伤害后追加等同于（20+10*灯引日换技能已损PP值）威力水属性物理伤害（波动系数取1）的固伤。\n\n吸取对方场下剩余精力最多的队友（最大精力*20%）用于回复我方场下剩余精力最少的队友（精力相等时优先吸取或回复背包位置靠前者）。\n\n次回合：\n\n删除对方全体技能2pp，若场上为血月天气必定暴击。\n\n若本技能pp数≤2则回复“灯引日换”2pp，大于2且不高于6则回复其1pp。"
}