{
  "pet_name": "渚雷",
  "keywords": [
    "涟煞水刃",
    "渚雷",
    "灯引日换"
  ],
  "skill_info": {
    "priority": 10,
    "power": 100,
    "pp": 10,
    "type": "水",
    "category": "物理"
  },
  "content": "技能：涟煞水刃\n提升（20*灯引日换当前pp数）威力（上限60）。\n\n每次上场非首次使用本技能时回复自身70点精力。\n\n造成（15*敌方场下存活宠物数）点波及伤害，冰冻对方并删除其最近使用的技能3pp。\n\n先手出招时，提升自身1级物攻（上限2级）并令本回合受到的每段后手伤害降低（0.1*敌方最大精力）点（上限200）。\n\n后手出招时，强制重置对方的正面强化（不穿透锁强）。"
}