{
  "pet_name": "渚雷",
  "keywords": [
    "灯引日换",
    "渚雷",
    "聚水成涛",
    "逆流",
    "涟煞水刃"
  ],
  "skill_info": {
    "priority": 8,
    "power": null,
    "pp": 6,
    "type": "恶魔",
    "category": "变化"
  },
  "content": "技能：灯引日换\n净化自身并免疫异常4回合，给敌方造成（1+本技能使用后pp值+净化的异常与负面项数）段额度为（0.3*自身已损精力）的固定伤害（最多造成3段伤害，每段伤害至少为50点，最高为100点），回复自身（50*造成伤害段数）精力。\n\n根据本技能使用后pp值所在区间回复其他技能的pp值（先手值相同时左优先）：\n\n①[1，2]，回复先手值最低的一个技能2pp；\n\n②[3，4]，回复先手值最低的两个技能各2pp；\n\n③[5，6)，回复其他三个技能各2pp。\n\n以上效果结算完毕后，将本技能pp置于1（若其他技能pp均已耗尽则置0）。\n\n本技能pp值免疫删除；未携带本技能时其他技能将本技能pp视为0。"
}