{
  "pet_name": "俄尔普斯",
  "keywords": [
    "刻角明怀",
    "俄尔普斯"
  ],
    "skill_info": {
    "priority": 11,
    "power": 125,
    "pp": 12,
    "type": "机械",
    "category": "魔法"
  },
  "content": "技能：刻角明怀\n主动使用时召唤铁壁环境持续(2+场上原有环境的回合数)回合（上限8回合）；\n威力伤害前提升自身1级魔攻，后手或场上任一方存在异常或负面时额外造成100固伤并额外发动本技能2回合。\n额外回合每回合造成威力伤害并回复自身(自身已损精力*0.2)精力，且末回合有以下判定（可叠加）：\n若自身有异常或负面则净化自身并额外发动本技能1回合（可继续执行额外回合及末回合效果的判定）；\n若对手有异常或负面则净化对手并额外降低对手1级魔防（强制）且额外造成(50*对手原有的异常与负面项数和)固伤。"
}