{
  "pet_name": "俄尔普斯",
  "keywords": [
    "流徵揄袂",
    "俄尔普斯",
    "音阶",
    "协奏",
    "移调",
    "转调",
    "引商和弦",
    "羽换宫移"
  ],
    "skill_info": {
    "priority": 8,
    "power": 120,
    "pp": 12,
    "type": "幽灵",
    "category": "魔法"
  },
  "content": "技能：流徵揄袂\n提升(“引商和弦”技能记录的对手技能威力*0.5)点威力（上限80；记录的技能无基础威力则不提升）。\n若对手处于“协奏”状态则威力伤害前提升自身1级魔攻，尚未处于“协奏”状态则在本回合未受先手伤害时赋予对手1层“音阶”，若对手“音阶”层数≤5，则额外赋予1层“音阶”。\n自身“移调”状态下重置对手物攻强化，“转调”状态下重置对手魔攻正面强化，两状态均不处于则重置其所有正面强化（均为强制）。\n尝试为对手施加混乱与诅咒异常，根据施加情况追加效果（不叠加）：\n①两项异常均施加失败，则删除对手本回合技能2PP，若目标技能是被“引商和弦”记录的技能则PP删除量+2；\n②任意一项施加成功：回复自身其他技能1PP并令本技能先手值提升（成功施加的异常项数*1）持续至自身换下；\n③两项异常均施加成功：提升自身1级魔攻。\n\n※“音阶”上限8层，任一方换下失效。\n\n※“音阶”满层进入“协奏”状态，“协奏”状态全局有效。"
}