{
  "pet_name": "俄尔普斯",
  "keywords": [
    "吐羽吟风",
    "俄尔普斯",
    "移调",
    "转调",
    "引商和弦"
  ],
    "skill_info": {
    "priority": 14,
    "power": null,
    "pp": 7,
    "type": "幽灵",
    "category": "变化"
  },
  "content": "技能：吐羽吟风\n清除场上不为迷雾的天气，净化自身异常与负面，回复自身(自身最大精力*0.5)精力。\n免疫异常6回合，回合内自身受到的每段固伤减少50点。\n若自身尚未进入“移调”与“转调”状态，则视当前对手基础双攻能力值高低进入一种状态：对手物攻＞魔攻则进入“移调”状态且自身获得100点护盾（可叠加），魔攻≥物攻则进入“转调”状态并提升自身1级魔攻。\n※已进入任一状态后本次在场将保持当前状态，再次使用本技能不会改变形态也不会获得护盾/提升魔攻效果，仅有自身换下或使用“引商和弦”方可退出当前状态。\n“移调”状态下，使用后6回合内受到物理伤害时将自身物防强化视为(实际物防等级+2+进入状态时对手物攻等级)级（上限6级）；\n“转调”状态下，使用后6回合内受到魔法伤害时将自身魔防强化视为(实际魔防等级+2+进入状态时对手魔攻等级)级（上限6级）。\n※使用“引商和弦”退出状态时，以上效果立即失效。"
}