{
  "pet_name": "俄尔普斯",
  "keywords": [
    "含宫咀韵",
    "俄尔普斯",
    "引商和弦"
  ],
    "skill_info": {
    "priority": 9,
    "power": 120,
    "pp": 10,
    "type": "光",
    "category": "魔法"
  },
  "content": "技能：含宫咀韵\n非必中，场上任一方拥有正面或负面强化时必中。\n追加(“引商和弦”技能记录的对手技能威力*0.6)点固伤（上限150；记录的技能无基础威力则不追加）。\n删除对手全技能1PP并回复自身(20*实际PP删除量)精力。\n倒置自身正负面强化，仅在倒置成功后根据自身强化情况追加效果（可叠加）：\n①若自身当前拥有负面强化，则倒置对手正面强化（强制）然后提升(30*对手负面强化等级数)点威力（上限180）；若自身拥有魔攻负面强化，则本次造成威力伤害时将自身魔攻强化为(1+自身魔攻等级绝对值)级（上限6级）。\n②若自身当前拥有正面强化，则威力伤害后重置自身正面强化并追加（40+40*重置的正面强化等级数）点固伤并回复自身等量精力（上限均为200）。"
}