{
  "pet_name": "俄尔普斯",
  "keywords": [
    "引商和弦",
    "俄尔普斯",
    "移调",
    "转调",
    "吐羽吟风",
    "流徵揄袂",
    "含宫咀韵"
  ],
    "skill_info": {
    "priority": 10,
    "power": null,
    "pp": 10,
    "type": "幽灵",
    "category": "变化"
  },
  "content": "技能：引商和弦\n令对手使用技能额外消耗1PP持续3回合（任一方换下失效）。\n\n回复我方全体存活宠物(自身最大精力*0.15)精力并召唤迷雾天气6回合，召唤成功时降低自身1级速度。\n\n造成(60+30*对手正负面强化项数)点固伤（上限200）。\n\n根据对手本回合技能的类型追加效果：\n\n若为变化技能，则降低自身1级双防；\n\n若为物理技能，则退出“转调”状态；\n\n若为魔法技能，则退出“移调”状态。\n\n退出“转调”或“移调”状态时使自身所受后手克制伤害降低60%，回复自身“吐羽吟风”技能1PP并为对手提升1级双攻。"
}