{
  "pet_name": "玄光锦瑶",
  "keywords": [
    "绮光散蕤",
    "玄光锦瑶"
  ],
    "skill_info": {
    "priority": 11,
    "power": null,
    "pp": 12,
    "type": "光",
    "category": "变化"
  },
  "content": "技能：绮光散蕤\n连续4回合发动。\n\n首回合：\n\n扣除己方场下存活宠物150精力（不致死）并对敌方全体宠物造成（实际扣除的精力总和/敌方场下存活宠物数）伤害（对每个宠物伤害上限为200；对其场下宠物不致死）。记录对手本回合主动使用的技能。\n\n后续每回合：\n\n对敌方场上宠物造成（50+我方场下精力值不多于一半的存活队友数*20+自身正面魔攻强化等级数*10）伤害（上限120），若其本回合主动使用的技能与首回合记录时一致，则提升自身1级魔攻并删除对手本回合所用技能2pp。"
}