{
  "pet_name": "玄光锦瑶",
  "keywords": [
    "萌态可掬",
    "玄光锦瑶",
    "寐",
    "寤"
  ],
    "skill_info": {
    "priority": 12,
    "power": null,
    "pp": 8,
    "type": "萌",
    "category": "变化"
  },
  "content": "技能：萌态可掬\n①回复己方存活队友60精力，自身免疫异常1回合并为下个登场队友提供100点护盾（不可叠加）。\n\n②若自身不计强化的物防能力值≥不计强化的魔防能力值，则令对手造成的威力伤害下降30%持续1回合（期间我方换下变为永久；对手换下失效；不能与常规的“虚弱威力伤害”效果叠加）；\n\n③若自身不计强化的物防能力值<不计强化的魔防能力值，则令对手造成的固定伤害下降30%持续1回合（期间我方换下变为永久；对手换下失效；不能与“银心”的“虚弱固定伤害”效果叠加）；\n\n④若自身“寐”层数已达5层，额外回复自身全技能1pp并使对手下个宠物上场时进入束缚状态；\n\n⑤若自身“寐”层数为0且持有“寤”标记，则提升自身1级魔攻，并使自身下次使用的威力技能先手值提升1点（不叠加）且造成的威力伤害提升30%（不叠加）。"
}