{
  "pet_name": "玄光锦瑶",
  "keywords": [
    "朱颜似瑶",
    "玄光锦瑶",
    "寐",
    "寤"
  ],
    "skill_info": {
    "priority": 10,
    "power": 120,
    "pp": 12,
    "type": "光",
    "category": "魔法"
  },
  "content": "技能：朱颜似瑶\n以下效果均在命中后生效。\n\n①提升（15*己方不高于半血的存活队友数）威力。删除对手最近使用的技能3pp。\n\n②若自身“寐”标记层数低于“寤”标记，则首先倒置自身负面强化。\n\n③提升自身1级魔攻并在己方有存活队友时对其中剩余精力最高者造成120点伤害（相同精力时按背包顺序优先；不致死）并回复自身（该队友精力实际减少值*0.5）精力，若实际减少值小于120且对手无魔防负面强化则额外降低其1级魔防（非强制）并追加（120-自身所回复精力值）固伤。"
}