{
  "pet_name": "玄光锦瑶",
  "keywords": [
    "茸华锦簇",
    "玄光锦瑶",
    "寐",
    "寤",
    "玄林曦照"
  ],
    "skill_info": {
    "priority": 9,
    "power": 125,
    "pp": 12,
    "type": "萌",
    "category": "魔法"
  },
  "content": "技能：茸华锦簇\n①迷惑对手，若迷惑失败则额外令其恐惧。\n\n②删除对手全技能1pp并回复自身其它技能1pp。\n\n③若己方场下有任意存活队友精力未满，则为其中当前血量最低者回复（50+0.4*自身已损精力+自身正面魔攻强化等级数*30）点精力（相同精力时按背包顺序优先；回复量上限200），若回复后其精力已满则额外删除对手全技能1pp并造成（50+本次精力回复溢出值*1.5）固伤。\n\n④若自身“寐”标记层数高于“寤”标记，则额外清除对手正面强化（非强制）；\n\n若清除失败则消耗自身（对手正面强化等级数*0.05*自身最大精力）点精力（不致死；此效果无视玄林曦照的减伤效果）以强制清除对手正面强化（不穿透锁强）。\n\n以上效果结算完毕后，追加（30+清除前对手正面强化等级数*20+自身所消耗精力值*1）点固伤（上限150）。"
}