{
  "pet_name": "玄光锦瑶",
  "keywords": [
    "玄林曦照",
    "玄光锦瑶",
    "茸华锦簇"
  ],
    "skill_info": {
    "priority": 15,
    "power": null,
    "pp": 6,
    "type": "光",
    "category": "变化"
  },
  "content": "技能：玄林曦照\n被动免疫迷惑、睡眠。\n\n净化自身回复50%精力，若回复前的精力值≤100则额外获得150点护盾（可叠加）。\n\n免疫异常并召唤曙光天气均持续6回合，回合内：\n\n①自身受到的每段任意伤害降低（70+10*己方不高于半血的存活队友数）点（上限110）；\n\n②主动使用威力类技能且自身精力回复效果低于100%时，将自身魔攻等级视为（原有等级+1）级造成伤害；\n\n③自身阵亡时为场下存活队友回复（120+自身正面魔攻强化等级数*30）精力（自身HP已为0但仍受到多段伤害时不重复生效）。"
}