{
  "pet_name": "玄光锦瑶",
  "keywords": [
    "玉殒",
    "玄光锦瑶"
  ],
  "skill_info": {
    "priority": 12,
    "power": null,
    "pp": 5,
    "type": "萌",
    "category": "变化"
  },
  "content": "技能：玉殒\n命中后若被对方的后手技能击杀，则对敌方造成9999点斩杀伤害。\n本技能无视护盾、减伤、限伤等防护效果，若后手出招或miss则无任何效果。\n\n使用本技能成功后，再次使用降低25%的成功率减益，连续使用减益叠加触发，中途使用其他技能则重置成功率。"
}