{
  "pet_name": "玄光锦瑶",
  "keywords": [
    "星星拳",
    "玄光锦瑶"
  ],
  "skill_info": {
    "priority": 10,
    "power": 100,
    "pp": 8,
    "type": "萌",
    "category": "魔法"
  },
  "content": "技能：星星拳\n令对方迷惑，被免疫则删除其全体技能1pp。\n\n自身获得2回合异常免疫（此效果在施加迷惑之后、在威力伤害之前）。\n\n在威力伤害后追加（200+30*自身魔攻正面等级-本技能威力伤害）的固伤，固伤额度至少为80。\n\n若自身无护盾则对敌方场下宠物造成（威力伤害*0.3）的波及伤害。\n\n后手出招时，额外删除对方最近所用技能2pp。"
}