{
  "pet_name": "赫苏",
  "keywords": [
    "水光幻境",
    "赫苏"
  ],
  "skill_info": {
    "priority": 12,
    "power": null,
    "pp": 4,
    "type": "光",
    "category": "变化"
  },
  "content": "技能：水光幻境\n净化自身异常与负面，回复自身30%的精力值，生成一个效果持续4回合的护盾，护盾的总额度为自身最大精力值。\n\n护盾额度不可叠加，不随回合变化刷新护盾额度。\n\n四回合内免疫异常与负面并提供闪避强化2级，若场上有任何天气或者环境，护盾额度提升20%。"
}