{
  "pet_name": "赫苏",
  "keywords": [
    "灵草汇聚",
    "赫苏"
  ],
  "skill_info": {
    "priority": 11,
    "power": 100,
    "pp": 6,
    "type": "草",
    "category": "魔法"
  },
  "content": "技能：灵草汇聚\n连续3回合发动技能。\n\n首回合令对方麻醉，被免疫则删除对方最近所用技能（2+自身负面强化项数+对方正面强化等级数之和）pp，上限为6；\n\n后续2回合均判定：若对方处于麻醉状态则追加（0.2*自身魔抗能力值，计算强化）固伤。\n\n本技能仅威力伤害非必中。"
}