{
  "pet_name": "赫苏",
  "keywords": [
    "赫然圣德",
    "赫苏"
  ],
  "skill_info": {
    "priority": 15,
    "power": null,
    "pp": 6,
    "type": "水",
    "category": "变化"
  },
  "content": "技能：赫然圣德\n净化自身异常，回复自身50%最大精力并召唤阴雨天气6回合。6回合内：\n\n①免疫异常与负面；\n\n②受到的任意伤害降低（5+10*自身携带的威力技能数）%；\n\n③受到克制伤害或暴击的威力伤害时，回复自身50点精力再结算伤害，并在剩余回合内降低对手（5+10*自身携带的威力技能数）%的精力回复效果。"
}