{
  "pet_name": "赫苏",
  "keywords": [
    "震泽霜月",
    "赫苏",
    "惮赫千里"
  ],
  "skill_info": {
    "priority": 11,
    "power": null,
    "pp": 8,
    "type": "萌",
    "category": "变化"
  },
  "content": "技能：震泽霜月\n连续2回合发动技能。\n\n每回合：\n\n净化自身并免疫异常1回合，净化成功则删除对方全体技能1pp并回复自身全体技能1pp。\n\n对敌方造成（0.2*自身当前精力值）点伤害（上限120）并回复我方场下宠物（0.1*自身当前精力值）点精力。\n\n首回合：\n\n冰冻对方并令其后手技能无法命中，召唤阴雨天气3回合，使下次使用惮赫千里时先手值提升1点。\n\n次回合：\n\n若后手出招则额外使下次使用惮赫千里时先手值提升1点并延长本技能1回合（延长回合仅触发固定效果，无“首回合”与“次回合”的额外效果）。\n\n/*“提升惮赫千里先手值”的效果可以叠加，但最多提升至“先手+3”，主动使用惮赫千里或自身换下后解除。"
}