{
  "pet_name": "赫苏",
  "keywords": [
    "青虹生风",
    "赫苏"
  ],
  "skill_info": {
    "priority": 11,
    "power": 120,
    "pp": 12,
    "type": "水",
    "category": "魔法"
  },
  "content": "技能：青虹生风\n非必中，以下效果均在命中后生效，阴雨天气下必中。\n\n召唤阴雨天气3回合，召唤失败则强制倒置对方正负面强化（强制但不穿透锁强）。\n\n提升1级魔攻（上限3级）并回复自身15%最大精力，在威力伤害后追加（0.2*对方已损精力值）固伤（上限110）。\n\n删除对方本回合使用的技能（2+0.5*对方正面强化等级数总和）pp（向上取整，上限5）。"
}