{
  "pet_name": "赫苏",
  "keywords": [
    "惮赫千里",
    "赫苏",
    "震泽霜月"
  ],
  "skill_info": {
    "priority": 9,
    "power": 100,
    "pp": 10,
    "type": "水",
    "category": "魔法"
  },
  "content": "技能：惮赫千里\n删除对方全体技能1pp并回复自身其它技能1pp，若对方当前精力高于我方则额外删除其全体技能1pp。\n\n先手出招时，本技能必定暴击；后手出招时，回复自身10%最大精力。\n\n造成威力伤害后追加（0.25*对方已损精力值）固伤（上限200）并回复自身（80+8*双方场下阵亡宠物数）精力。"
}