{
  "pet_name": "如意毒王",
  "keywords": [
    "和气",
    "如意毒王",
    "毒王形态",
    "如意使者形态"
  ],
  "skill_info": {
    "priority": 11,
    "power": null,
    "pp": 8,
    "type": "毒",
    "category": "变化"
  },
  "content": "技能：和气\n所有效果必中。\n\n令对手迷惑。若免疫迷惑则回复自身其他技能1pp (不可回复变身技能) ;\n\n毒王形态时将自身异常与负面转移给对方，并使对手威力伤害削减60%，持续1回合（回合内若自身换下则效果持续至对手也换下）；\n\n如意使者形态时净化自身并提升魔攻，强化等级数=1+解除的负面强化项目数。\n\n*注：战斗信息可能提示“可惜没有命中”，不影响本技能实际效果，但可能触发部分技能“闪避成功”的判定。"
}