{
  "pet_name": "如意毒王",
  "keywords": [
    "祸福",
    "如意毒王",
    "毒王形态",
    "如意使者形态"
  ],
  "skill_info": {
    "priority": 12,
    "power": 120,
    "pp": 6,
    "type": "毒",
    "category": "魔法"
  },
  "content": "技能：祸福\n令对手中剧毒，先造成一段额度为0.35对手已损失生命值的固定伤害再造成威力伤害。\n毒王形态时删除对手上次所用技能5pp；\n如意使者形态时本技能实际威力为120* (1+自身已损失生命值比例+0.25*自身耗尽pp值的技能数量) ;\n*技能miss时，除毒王形态时的删除pp效果外，其余伤害与效果均无效。"
}