{
  "pet_name": "如意毒王",
  "keywords": [
    "如意",
    "如意毒王",
    "如意使者形态"
  ],
  "skill_info": {
    "priority": 15,
    "power": null,
    "pp": 1,
    "type": "毒",
    "category": "变化"
  },
  "content": "技能：如意\n净化自身，回复全部生命值与其他技能全部pp值，强化自身2级魔攻。\n\n变身为如意使者形态，永久免疫异常状态与负面强化并改变其他专属技能的附加效果。\n\n*本技能免疫删除pp效果，且本技能pp值不可被其他技能回复。"
}