{
  "pet_name": "如意毒王",
  "keywords": [
    "顺心",
    "如意毒王",
    "毒王形态",
    "如意使者形态"
  ],
  "skill_info": {
    "priority": 14,
    "power": null,
    "pp": 5,
    "type": "毒",
    "category": "变化"
  },
  "content": "技能：顺心\n所有效果必中。\n\n自身回复最大生命值的30%，场下队友回复自身最大生命值的20%。\n\n召唤瘴气环境5回合。\n\n毒王形态时，将对手后手技能伤害转为治疗，并返还30%的伤害给对方；\n\n如意使者形态时，将对手后手治疗转为伤害，并造成额外伤害，伤害量为50*对手负面强化等级数（上限250）。\n\n*注：战斗信息可能提示“可惜没有命中”，不影响本技能实际效果，但可能触发部分技能“闪避成功”的判定。"
}