{
  "pet_name": "如意毒王",
  "keywords": [
    "安康",
    "如意毒王",
    "毒王形态",
    "如意使者形态"
  ],
  "skill_info": {
    "priority": 10,
    "power": 90,
    "pp": 10,
    "type": "毒",
    "category": "魔法"
  },
  "content": "技能：安康\n删除对手全体技能2pp。先判定对手是否处于束缚状态，若是，则造成999点固定伤害;否则束缚对手。\n\n毒王形态时强制倒置对手强化等级，并将伤害量等额回复给自身(包括威力伤害或固定伤害)。\n\n如意使者形态时必定暴击，并将伤害量的30%波及至敌方场下(触发999固伤时无波及效果）。\n\n*本技能miss时不造成威力伤害，但不影响固伤与其他效果。"
}