{
  "pet_name": "艾莉丝贝斯",
  "keywords": [
    "羲轮悬斡",
    "回溯",
    "协律",
    "艾莉丝贝斯"
  ],
  "skill_info": {
    "priority": 11,
    "power": 90,
    "pp": 12,
    "type": "光",
    "category": "魔法"
  },
  "content": "技能：羲轮悬斡\n（1）回复自身（60+30*协律层数）点精力。\n（2）威力伤害前降低对手1级魔防并删除其本回合技能3PP，若对手已被回溯过则额外降低1级魔防（均非强制），若本次降低魔防失败或降低后对手魔防等级仍不为负面则将场上天气环境延长2回合。\n（3）根据此时的天气环境回合数追加效果：\n● 回合数≤1：PP删除量+2且额外回复首格技能1PP，威力伤害前额外造成（20%*对手最大精力，上限150）点固伤；\n● 回合数≥2：本次提升90点威力；\n● 回合数≥6：获得1层协律，并使当前对手本场战斗每次使用技能召唤的天气环境回合数减少3回合，被回溯过则额外减少2回合。\n补充说明：存在“召唤成功与否而追加不同效果”的效果的技能，受本技能效果影响而无法召唤出天气环境并将场上天气环境清除时，会判定为召唤失败。\n*协律层数全局有效，上限3层。\n*回-溯次数全局有效，艾丽丝贝斯每次登场只能触发1次回溯效果。"
}