{
  "pet_name": "艾莉丝贝斯",
  "keywords": [
    "刻法调熵",
    "回溯",
    "协律",
    "艾莉丝贝斯"
  ],
  "skill_info": {
    "priority": 9,
    "power": 115,
    "pp": 12,
    "type": "光",
    "category": "魔法"
  },
  "content": "技能：刻法调熵\n以下效果均在命中后生效，自身剩余回溯次数≥1必中。\n\n（1）提升（10%*敌方被回溯过的宠物的最大精力总和，上限185）点威力。\n（2）威力伤害前，若自身存在异常或负面，则净化并获得1层协律。\n（3）场上存在任意天气环境时令对手本回合技能后续3次无法命中（任一方换下均不失效）；否则召唤曙光天气3回合并额外造成（25%*对手基础魔防值，上限150）点固伤。\n（4）回复自身其他技能1PP，自身或场上对手有任意正负面强化时删除对手全技能1PP（双方都有则删除2PP）。\n（5）根据自身剩余回溯次数追加效果：\n● 剩余次数=3：威力伤害前将自身低于1级的魔攻置于1级；\n● 剩余次数≥1：本技能必中；\n● 剩余次数=0：本技能先手值+1且额外回复自身全技能1PP。\n\n*协律层数全局有效，上限3层。\n*回溯次数全局有效，艾丽丝贝斯每次登场只能触发1次回溯效果。"
}