{
  "pet_name": "艾莉丝贝斯",
  "keywords": [
    "振晷缓时",
    "时光回溯",
    "回溯",
    "协律",
    "物换星移",
    "艾莉丝贝斯"
  ],
  "skill_info": {
    "priority": 15,
    "power": null,
    "pp": 6,
    "type": "光",
    "category": "变化"
  },
  "content": "技能：振晷缓时\n净化自身异常和负面，回复自身（260+80*剩余回溯次数）点精力。\n免疫异常并召唤曙光天气6回合，回合内：\n（1）主动使用变化技能时为我方存活队友回复（15%*自身当前精力值）点精力；\n（2）主动使用威力技能时使本自然回合内受到的固伤降低45%。\n被动效果：携带本技能时，有以下效果：\n（1）触发【时光回溯】的回溯效果时获得3层协律，删除对手全技能1PP并回复自身全技能1PP；\n（2）受到的威力伤害降低（15%*剩余回溯次数）；\n（3）阵亡时使当前对手本场战斗受到的任意伤害永久提升25%（可与【时光回溯】效果叠加）。\n*协律层数全局有效，上限3层。\n*回溯次数全局有效，艾丽丝贝斯每次登场只能触发1次回溯效果。"
}