{
  "pet_name": "艾莉丝贝斯",
  "keywords": [
    "千露绘影",
    "回溯",
    "协律",
    "艾莉丝贝斯"
  ],
  "skill_info": {
    "priority": 12,
    "power": null,
    "pp": 10,
    "type": "光",
    "category": "变化"
  },
  "content": "技能：千露绘影\n（1）禁止对手后手回复精力，使对手下一次主动使用变化技能后删除其所用技能1PP；\n（2）召唤曙光天气6回合，获得（60+30*协律层数）点护盾（可叠加，上限200）。\n（3）根据持有的协律层数追加效果：\n● 层数≥1：删除对手全技能1PP，回复自身（60*协律层数）点精力并造成（1.5*精力回复量，上限200）点固伤，使自身下一次使用的威力技能提升（40+剩余回溯次数*20）点威力；\n● 层数=3：消耗2层协律对敌方场下造成120点波及伤害，额外删除对手全技能1PP并回复自身其他技能1PP，使自身下一次主动使用威力技能后追加（60%*威力伤害，上限200）点固伤。\n补充说明：本技能作用目标为“自身”，不能触发【时光回溯】血脉的回溯效果。\n*协律层数全局有效，上限3层。\n*回溯次数全局有效，艾丽丝贝斯每次登场只能触发1次回溯效果。"
}