{
  "pet_name": "艾莉丝贝斯",
  "keywords": [
    "物换星移",
    "回溯",
    "振晷缓时",
    "艾莉丝贝斯"
  ],
  "skill_info": {
    "priority": 10,
    "power": 95,
    "pp": 12,
    "type": "普通",
    "category": "魔法"
  },
  "content": "技能：物换星移\n每回合独立判定命中和效果，首回合未命中不影响后续发动，非首回合特有效果必中，末回合必中。\n\n主动使用时命中后迷惑对手，并额外发动本技能持续（剩余回溯次数）回合。\n每回合：威力伤害后对敌方全体被回溯过的宠物造成50点固伤并回复自身（50*敌方被回溯过的存活宠物总数）点精力。\n非首回合：若双方本回合所用技能类型一致（区分威力/变化）则将场上天气环境减少3回合并为【振晷缓时】回复1PP。\n末回合：清除并将场上天气环境锁定为无天气环境6回合，若敌方有任意宠物被回溯过则强化自身1级魔攻。\n补充说明：若因回溯次数耗尽而未能发动额外回合，首回合即可触发末回合效果。\n\n*回溯次数全局有效，艾丽丝贝斯每次登场只能触发1次回溯效果。"
}