{
  "pet_name": "霆霓",
  "keywords": [
    "致盲药剂",
    "霆霓",
    "幸运药剂",
    "合成药剂",
    "神秘药剂",
    "D标记"
  ],
  "skill_info": {
    "priority": 10,
    "power": 100,
    "pp": 10,
    "type": "水",
    "category": "魔法"
  },
  "content": "技能：致盲药剂\n以下效果均在命中后生效。\n\n召唤阴雨天气3回合，降低对方1级魔抗（非强制）并令其后手非必中技能无法命中。\n\n随机触发如下效果（每项独立判定，可以同时生效）：\n\n20%概率回复自身50点精力，自身获得3回合闪避。\n\n20%概率回复对手50点精力，3回合内无法命中对手。"
}