{
  "pet_name": "霆霓",
  "keywords": [
    "神秘药剂",
    "霆霓",
    "幸运药剂",
    "合成药剂",
    "回复药剂",
    "伤害药剂",
    "异常药剂",
    "致盲药剂",
    "强化药剂",
    "A标记",
    "B标记",
    "C标记",
    "D标记",
    "E标记"
  ],
  "skill_info": {
    "priority": 12,
    "power": 90,
    "pp": 1,
    "type": "光",
    "category": "魔法"
  },
  "content": "技能：神秘药剂\n根据自身持有的标记追加效果，然后解除全部标记：\n\n持有A标记（回复药剂）时，回复我方全体宠物200点精力并回复自身其他技能中pp最少的一个技能2pp（pp相同时位置靠前的技能优先回复）；\n\n持有B标记（伤害药剂）时，提升1级魔攻且本次攻击必定暴击；\n\n持有C标记（异常药剂）时，令对方恐惧并降低其35%的治疗效果持续4回合；\n\n持有D标记（致盲药剂）时，获得1回合闪避并降低对方1级魔抗；\n\n持有E标记（强化药剂）时，为己方场下所有存活宠物提升1级双攻。\n\n随机触发如下效果（每项独立判定，可以同时生效）：\n\n5%概率对自身造成999点固伤；\n\n5%概率删除自身全体技能5pp并造成5点固伤；\n\n10%概率对自身造成（1*本次威力伤害）固伤。\n\n本技能pp免疫删除且仅能被「合成药剂」血脉回复。"
}