{
  "pet_name": "霆霓",
  "keywords": [
    "伤害药剂",
    "霆霓",
    "幸运药剂",
    "合成药剂",
    "神秘药剂",
    "B标记"
  ],
  "skill_info": {
    "priority": 10,
    "power": 120,
    "pp": 10,
    "type": "电",
    "category": "魔法"
  },
  "content": "技能：伤害药剂\n召唤雷暴天气3回合，倒置自身负面强化后提升1级魔攻再攻击。\n\n删除对方最近使用的技能2pp并追加（0.3*本次威力伤害）点固伤。\n\n随机触发如下效果（每项独立判定，可以同时生效）：\n\n20%概率额外追加（0.3*本次威力伤害）点固伤；\n\n20%概率对自身造成（0.5*本次威力伤害）点固伤。"
}