{
  "pet_name": "霆霓",
  "keywords": [
    "回复药剂",
    "霆霓",
    "幸运药剂",
    "合成药剂",
    "神秘药剂",
    "A标记"
  ],
  "skill_info": {
    "priority": 15,
    "power": null,
    "pp": 7,
    "type": "萌",
    "category": "变化"
  },
  "content": "技能：回复药剂\n净化自身并回复60%最大精力，然后获得[0.5*（0.6*自身最大精力-回复前自身已损精力）]点护盾（可叠加，额度上限为自身最大精力），回复场下存活队友100点精力。\n\n免疫异常和负面6回合，召唤雷暴天气6回合。\n\n随机触发如下效果（每项独立判定，可以同时生效）：\n\n35%概率回复自身全体技能2pp；\n\n20%概率回复满本技能pp；\n\n10%概率对自身造成999点固定伤害。"
}