{
  "pet_name": "霆霓",
  "keywords": [
    "强化药剂",
    "霆霓",
    "幸运药剂",
    "合成药剂",
    "神秘药剂",
    "E标记"
  ],
  "skill_info": {
    "priority": 8,
    "power": 90,
    "pp": 10,
    "type": "火",
    "category": "魔法"
  },
  "content": "技能：强化药剂\n以下效果均在命中后生效。\n\n召唤暴晒天气3回合，令自身技能下一次对自身施加的正面强化和对对方施加的负面强化效果翻倍。\n\n若本回合未受到先手伤害则威力加倍。\n\n随机触发如下效果（每项独立判定，可以同时生效）：\n\n20%概率为己方场下所有存活宠物提升1级双攻；\n\n20%概率为对方场下所有存活宠物提升1级双攻。"
}