{
  "pet_name": "霆霓",
  "keywords": [
    "异常药剂",
    "霆霓",
    "幸运药剂",
    "合成药剂",
    "神秘药剂",
    "C标记"
  ],
  "skill_info": {
    "priority": 11,
    "power": null,
    "pp": 8,
    "type": "毒",
    "category": "变化"
  },
  "content": "技能：异常药剂\n令对方恐惧并使其使用技能时额外消耗1pp（任意一方换宠后失效）。\n\n随机触发如下效果（每项独立判定，可以同时生效）：\n\n15%概率降低对方90%的治疗效果持续2回合；\n\n15%概率降低自身90%的治疗效果持续2回合；\n\n15%概率删除对方全体技能5pp并对其造成5点固伤；\n\n15%概率删除自身全体技能5pp并对自身造成5点固伤。"
}