{
  "pet_name": "霆霓",
  "keywords": [
    "幸运药剂",
    "霆霓",
    "幸运眷顾",
    "炽热灯火",
    "回复药剂",
    "伤害药剂",
    "异常药剂",
    "致盲药剂",
    "强化药剂",
    "神秘药剂"
  ],
  "skill_info": {
    "priority": 12,
    "power": null,
    "pp": 6,
    "type": "普通",
    "category": "变化"
  },
  "content": "技能：幸运药剂\n净化自身并回复200点精力，5回合内自身免疫异常且「幸运眷顾」血脉和以下技能随机触发的效果的触发概率提升1倍：炽热灯火、回复药剂、伤害药剂、异常药剂、致盲药剂、强化药剂、神秘药剂。"
}