{
  "pet_name": "安麦伦",
  "keywords": [
    "瀚海重波",
    "安麦伦",
    "砂金"
  ],
  "skill_info": {
    "priority": 15,
    "power": null,
    "pp": 5,
    "type": "毒",
    "category": "变化"
  },
  "content": "技能：瀚海重波\n本技能PP免疫删除，仅可被本技能效果（含被动效果）删除或回复。\n\n净化自身异常与负面，回复自身[自身最大精力*(0.6-0.1*连续使用本技能的次数)]精力，1回合内自身受到的固伤降低50%。\n\n额外回复自身(自身“砂金”标记层数*1)精力；将本技能PP置为1，若连续使用本技能3次则置为0。\n\n免疫异常与负面并召唤沃土环境均6回合，回合内有以下效果：\n\n①自身受到的威力伤害降低(20+5*每回合本技能PP值)%（上限40%），对暴击的威力伤害减免额度增加20%；\n\n②自身主动使用土系威力技能时：威力伤害后追加(40+10*自身“砂金”层数)固伤；若剩余“砂金”层数=5则威力伤害后强化1级物攻并回复自身其他技能1PP，然后将自身砂金层数调整至(1+自身物攻强化等级*0.5)层（下限0，向上取整）。\n\n被动效果（携带本技能方可生效）：\n\n①场上天气/环境发生变化（即消失或替换为其他天气/环境）时赋予自身1层“砂金”；\n\n②自身主动使用除本技能外的技能时，先清空本技能PP再回复本技能（自身当前“砂金”层数*1）PP并回复自身等量精力。\n\n※“砂金”标记上限5层，全局有效；专属技能中关于“砂金”层数的提示性回血不受精力回复效果影响。"
}