{
  "pet_name": "安麦伦",
  "keywords": [
    "络月羁金",
    "安麦伦",
    "砂金"
  ],
  "skill_info": {
    "priority": 9,
    "power": 100,
    "pp": 8,
    "type": "毒",
    "category": "物理"
  },
  "content": "技能：络月羁金\n以下效果均在命中后生效，自身“砂金”层数≥3层时必中。\n\n对自身造成(自身当前精力*0.2)固伤，提升(上述固伤值*1)点威力（上限150）。\n\n净化我方场下存活宠物的异常，并回复我方场下存活宠物(上述固伤值*1)精力。\n\n若自身“砂金”层数≥3层则消耗一半层数（消耗部分向上取整），使威力伤害后追加(消耗的“砂金”层数*1)段、每段额度为(威力伤害*0.2)的固伤（上限120）。\n\n若触发净化队友异常或消耗“砂金”标记的效果，则清除场上天气/环境。\n\n然后根据场上天气/环境情况追加效果：\n\n①若有天气/环境，则造成（10*天气/环境回合数）波及伤害（上限80）；\n\n②若无天气/环境，则选取敌方场下剩余PP最多的阵亡宠物，计算其剩余PP对于其PP总和的占比然后追加效果，然后清空该阵亡宠物的所有PP值（计算占比和清空PP时均排除免删技能）：\n\ni. 若该宠物剩余PP占比≥50%，则自身获得2层“砂金”并追加60固伤，4回合内自身主动使用威力技能时将自身物攻强化视为(实际物攻等级+1)级（上限6级）；\n\nii. 若该宠物剩余PP占比＜50%且≥20%，则自身获得1层“砂金”并追加40固伤，4回合内自身造成的威力伤害必定不被抵抗。\n\n※“砂金”标记上限5层，全局有效；专属技能中关于“砂金”层数的提示性回血不受精力回复效果影响。"
}