{
  "pet_name": "安麦伦",
  "keywords": [
    "平川开垒",
    "安麦伦",
    "砂金"
  ],
  "skill_info": {
    "priority": 10,
    "power": 100,
    "pp": 12,
    "type": "土",
    "category": "物理"
  },
  "content": "技能：平川开垒\n威力伤害前清除自身本次上场后尚未清除的天气/环境。\n\n若成功触发清除天气/环境效果，则提升自身1级物攻强化；\n\n若未触发清除天气/环境效果（已清除过或场上无天气/环境），则删除对手本回合技能3PP。\n\n提升(25*本技能本次上场触发“清除天气/环境”效果的次数)点威力（上限180）。\n\n根据自身剩余“砂金”层数追加效果（可叠加）：\n\n①“砂金”层数≥1：威力伤害前造成(40+20*自身“砂金”层数)固伤并免疫异常1回合；\n\n②“砂金”层数≥3：回复自身其他技能1PP，若场上有天气/环境则威力伤害前提升1级物攻，否则提升1级速度；\n\n③“砂金”层数=5：必定暴击，并在受到后手威力伤害时对对手造成(所受威力伤害*0.4)固伤。\n\n※“砂金”标记上限5层，全局有效；专属技能中关于“砂金”层数的提示性回血不受精力回复效果影响。"
}