{
  "pet_name": "安麦伦",
  "keywords": [
    "嘶凤振碛",
    "安麦伦",
    "砂金"
  ],
  "skill_info": {
    "priority": 10,
    "power": 120,
    "pp": 12,
    "type": "土",
    "category": "物理"
  },
  "content": "技能：嘶凤振碛\n令对手恐惧，回复自身(40+20*自身正面强化等级总和)精力（上限150）。\n\n提升(20*自身“砂金”层数)威力，删除对手全技能1PP。\n\n威力伤害前倒置自身负面强化，倒置成功则使被倒置的强化额外提升1级。\n\n若自身“砂金”层数＞3，则本技能实际先手值提升至11（无法与本技能效果③叠加）。\n\n若自身“砂金”层数=5，则威力伤害前召唤沃土环境3回合。\n\n威力伤害后使自身各项正面强化强制减半（减半部分向下取整，不穿透锁强），额外删除对手全技能(1+降低的强化项数总和*0.5)PP（向下取整），并根据降低的强化追加效果：\n\n①自身任意强化降低时，威力伤害前使对手各项正面强化强制减半（减半部分向下取整，不穿透锁强）；\n\n②自身物攻或魔攻强化降低时，本次威力伤害无视对手物防正面强化并使对手后手精力回复效果减少（30*降低的物攻或魔攻等级）点（上限90；双攻均降低时取较大值）；\n\n③自身速度强化降低时，使自身下一次威力技能的先手值加1（不叠加，自身换下重置）。\n\n※实际逻辑为先判定自身是否存在可减半的强化（即≥2级的正面强化），然后计算PP删除量和追加效果，造成威力伤害，最后尝试降低自身强化；自身强化被锁定时只需存在可减半的强化，即可触发上述效果且相关数值仍按理论值计算。\n\n※“砂金”标记上限5层，全局有效；专属技能中关于“砂金”层数的提示性回血不受精力回复效果影响。"
}