{
  "pet_name": "安麦伦",
  "keywords": [
    "浊云蜃影",
    "安麦伦",
    "砂金"
  ],
  "skill_info": {
    "priority": 11,
    "power": null,
    "pp": 8,
    "type": "毒",
    "category": "变化"
  },
  "content": "技能：浊云蜃影\n连续3回合发动技能，回合内自身受到的固伤减少40点。\n\n每回合：\n\n①造成(60+首回合回复精力前自身已损精力*0.1)固伤（上限120）；\n\n②回复自身(10*场上天气/环境回合数)精力（上限150）。\n\n首回合：\n\n①免疫后手异常，额外回复自身(自身最大精力*0.25)精力（上限300）；\n\n②闪避对手后手非必中技能，若自身“砂金”层数≥3则消耗1层“砂金”（消耗部分向上取整）令3回合内若对手主动使用首回合使用的技能，则该回合所有非必中技能无法命中（任一方换下失效）。\n\n次回合与末回合：\n\n①若场上的天气/环境相较上次结算时未发生变化（即消失或替换为其他天气/环境）则本回合固伤额度提升40%；\n\n末回合：\n\n①若场上的天气/环境相较于上次结算时发生变化则额外获得1层“砂金”；\n\n②若自身“砂金”层数＞1且自身当前精力≤200，则消耗1层“砂金”回复自身(自身最大精力*0.2)精力；\n\n③若自身“砂金”层数＞1且自身本回合所用威力技能（“山崩”“山崩地裂”技能除外）剩余PP值≤(该技能最大PP值*0.5)（向下取整）则消耗1层“砂金”回复该技能2PP。\n\n※“砂金”标记上限5层，全局有效；专属技能中关于“砂金”层数的提示性回血不受精力回复效果影响。"
}